仓库| |设施|设备| |物品|入库| |存贮| |出库,n|w|n|n|w|n|vn|w|vn|w|v
仓储| |设施|布局| |设计| |仓储|作业| |计划| |组织| |协调| |控制,vn|w|n|n|w|vn|w|vn|n|w|n|w|n|w|vn|w|v
储存| |预定|目的| |使用| |闲置| |非|生产|状态| |物品,vn|w|vn|n|w|vn|w|vn|w|v|vn|n|w|n
有效|方法| |技术|手段| |供应| |库存|物品| |数量| |有效|控制| |库存|物品|量| |最|低化| |零库存,a|n|w|n|n|w|vn|w|vn|n|w|n|w|ad|v|w|n|n|n|w|d|v|w|n
仓库| |选址|建设| |机械|设备| |选择|配置| |业务|管理| |库存|控制|管理| |人力资源|管理,n|w|vn|vn|w|n|n|w|v|vn|w|n|vn|w|vn|vn|vn|w|n|vn
围绕| |在|库| |物品| |管理| |在|库| |物| |管理,v|w|p|n|w|n|w|vn|w|p|n|w|n|w|vn
物品| |在|库| |数量| |控制| |管理| |在|库| |量| |管理,n|w|p|n|w|n|w|vn|w|vn|w|p|n|w|n|w|vn
保障|供应| |前提| |库存|物品| |数量|合理| |有效|管理| |技术|经济|措施,vn|vn|w|n|w|vn|n|w|n|a|w|a|vn|w|n|n|n
对象| |库存|物品| |仓储|管理| |在|库|物品|保管| |方法|和|措施| |总和,n|w|vn|n|w|vn|vn|w|p|n|n|v|w|n|c|n|w|n
企业| |各类|组织| |自营|自管| |储存|服务| |仓库,n|w|r|n|w|vn|vn|w|vn|vn|w|n
社会| |物品|储存|服务| |收取|费用| |仓库,n|w|n|vn|vn|w|v|n|w|n
存放| |多种| |不同|属性| |物品| |仓库,v|w|m|w|a|n|w|n|w|n
存放| |一种| |某一|大|类| |物品| |仓库,v|w|m|w|r|a|q|w|n|w|n
存放| |无|特殊| |保管|要求| |物品| |仓库,v|w|v|a|w|vn|n|w|n|w|n
保温| |冷藏| |恒湿|恒温| |物品| |仓库,vn|w|vn|w|a|a|w|n|w|n
危险|物品| |一定|防护|作用| |仓库,a|n|w|a|vn|n|w|n
控制| |氧气| |二氧化碳|浓度| |物品| |仓库,vn|w|n|w|n|n|w|n|w|n
货棚| |保管|条件| |库房| |出|入库|作业| |方便| |成本|较|低| |温湿度| |要求|不|高| |出|入库|频繁| |物品,n|w|vn|n|w|n|w|v|vn|n|w|a|w|n|d|a|w|n|w|v|d|a|w|v|vn|a|w|n
库房| |结构| |仓库|封闭性|强| |仓储物| |维护|保养| |保管|要求|高| |物品,n|w|n|w|n|n|a|w|n|w|v|vn|w|vn|n|a|w|n
货场| |优点| |装卸作业| |方便| |较|大型|的| |物品,n|w|n|w|nz|w|a|w|d|a|u|w|n
单层|地面库| |非货架型| |保管|设备,n|n|w|a|w|vn|n
多层|货架| |仓库| |货架| |物品| |托盘| |物品| |托盘| |货架| |滑动,m|n|w|n|w|n|w|n|w|n|w|n|w|n|w|n|w|v
固定|货架| |移动|货架,v|n|w|vn|n
入库| |运送| |机械| |存放|取出| |堆垛机| |设备| |机械化| |自动化|作业| |高层|货架|仓库,v|w|vn|w|n|w|v|v|w|nz|w|n|w|vn|w|vn|n|w|n|n|n
零星|物品| |集中| |批量|物品,a|n|w|v|w|n|n
大批量| |物品| |分成| |批量|较小| |物品,n|w|n|w|v|w|n|a|w|n
分|货|工作| |物流|据点,v|n|n|w|n|n
承担| |物品| |不同|运输|方式| |转运,v|w|n|w|a|vn|n|w|vn
主要|工作| |进行| |流通| |加工,a|n|w|v|w|vn|w|vn
储备| |工作|内容| |功能| |传统|仓库| |基本|一致,vn|w|n|n|w|n|w|a|n|w|d|a
配送|业务| |完善| |信息|网络| |场所| |组织,vn|n|w|vn|w|n|n|w|n|w|n
物流|活动| |完善| |信息|网络| |场所| |组织,n|n|w|vn|w|n|n|w|n|w|n
主要|功能| |不同| |储备|库| |物流|库,a|n|w|a|w|vn|n|w|n|n
功能| |储存|和| |保管|物资| |仓库| |最|传统| |最|基本| |功能,n|w|vn|c|w|v|n|w|n|w|d|a|w|d|a|w|n
海关| |批准| |设立| |存放| |保税|货物| |其他|未|办结|海关|手续| |货物| |仓库,n|w|v|w|v|w|v|w|vn|n|w|r|d|v|n|n|w|n|w|n
物流|网络| |物流|线路| |结节,n|n|w|n|n|w|n
物资|中转| |集散| |储运| |节点| |港口| |火车|货运站| |公路|枢纽| |大型|公共|仓库| |现代|物流|中心| |物流|园区,n|v|w|v|w|vn|w|n|w|n|w|n|n|w|n|n|w|a|a|n|w|t|n|n|w|n|n
现代|物流| |物流|中心| |物流|园区| |配送|网点,t|n|w|n|n|w|n|n|w|vn|n
仓储|业务| |中国|境内| |独立|企业|法人| |经营| |保税| |仓储|服务,vn|n|w|LOC|s|w|a|n|n|w|vn|w|vn|w|vn|vn
特定| |中国|境内| |独立|企业|法人| |经营| |存储| |本|企业|自用| |保税货物,a|w|LOC|s|w|a|n|n|w|vn|w|vn|w|r|n|v|w|nz
保税仓库| |存储| |特定|用途| |特殊|种类| |商品| |仓库,nz|w|vn|w|a|n|w|a|n|w|n|w|n
液体|危险品| |备料| |寄售|维修| |其他|专用型,n|n|w|n|w|vn|vn|w|r|n
国家| |危险|化学品| |仓储|规定| |石油| |成品油| |其它|散装|液体| |危险|化学品| |保税仓储服务| |保税仓库,n|w|a|n|w|vn|n|w|n|w|n|w|r|a|n|w|a|n|w|nz|w|nz
加工|贸易|企业| |存储| |产品| |原材料| |设备| |零部件| |保税仓库| |保税|货物| |本|企业,vn|vn|n|w|vn|w|n|w|n|w|n|w|n|w|nz|w|vn|n|w|r|n
专门| |存储| |维修| |外国|产品| |进口|寄售| |零配件| |保税仓库,d|w|vn|w|vn|w|n|n|w|vn|vn|w|n|w|nz
贸易| |投资| |世贸组织| |优惠| |贸易|安排| |主权|国家| |地区|关境| |特定|区域| |外国|商品| |关税| |自由|进出,n|w|vn|w|ORG|w|vn|w|n|vn|w|n|n|w|n|n|w|a|n|w|n|n|w|n|w|ad|v
提供| |区内| |加工|出口| |原料| |货物| |进口|豁免|关税| |出口|加工|区| |自由港| |转口|贸易|区,v|w|s|w|vn|vn|w|n|w|n|w|vn|v|n|w|vn|vn|n|w|n|w|vn|vn|n
性质| |商业|自由|区| |工业|自由区,n|w|n|a|n|w|n|n
功能| |转口|集散型| |以|贸|为|主型| |出口|加工型| |保税仓|储型,n|w|vn|n|w|p|n|v|n|w|vn|n|w|nz|n
仓储|作业| |管理| |最后|一步| |仓储|作业| |管理| |重要|环节,vn|n|w|vn|w|a|m|w|vn|n|w|vn|w|a|n
仓储|经营|人| |存货|人| |仓单|持有人| |仓单| |物品|编号| |名称| |规格| |型号| |数量| |组织| |物品|出库| |活动,vn|vn|n|w|n|n|w|n|n|w|n|w|n|n|w|n|w|n|w|n|w|n|w|n|w|n|v|w|n
三|不| |三|核| |五|检查,m|d|w|m|n|w|m|vn
未接|单据| |不|翻账| |未经|审单| |不备货| |未经|复核| |不|出库,v|n|w|d|v|w|v|n|w|vn|w|v|vn|w|d|v
核对|凭证| |核对账卡| |核对|实物,v|n|w|nz|w|v|n
单据| |实物| |品名|检查| |规格|检查| |包装|检查| |数量|检查| |重量|检查,n|w|n|w|n|vn|w|n|vn|w|vn|vn|w|n|vn|w|n|vn
库存| |物品|价值| |使用|价值| |不变| |先进先出,n|w|n|n|w|vn|n|w|v|w|v
出库|凭证|审核| |出库|准备| |出库|验收| |出库|点交|与|销账| |装载|上车| |发运| |清理,vn|n|vn|w|v|v|w|vn|vn|w|v|v|c|vn|w|v|v|w|vn|w|v
送货| |收|货人|自提| |过户| | |取样| |转仓,vn|w|v|n|v|w|vn|w|w|v|w|v
出库|信息| |订单| |物品| |保管|区| |拣货|区| |进货|过程| |配货|区| |作业|过程,vn|n|w|n|w|n|w|vn|n|w|vn|n|w|vn|n|w|vn|n|w|vn|n
单一|拣选| |批量|拣选,ad|v|w|n|v
批次|补货| |定时|补货| |随机|补货,n|v|w|d|v|w|d|v
计算机| |查询| |总|补货|量| |持货|区| |存货|量| |补货量| |一次性|补足,n|w|vn|w|a|vn|n|w|vn|n|w|n|n|w|n|w|d|v
拼|/|整箱|补货| |托盘|补货| |货位|补货| |其他|补货|方式| |直接|补货| |复合式|补货| |自动|补货,v|w|n|v|w|n|v|w|n|v|w|r|vn|n|w|ad|v|w|a|v|w|ad|v
分类| |配货|检查| |包装| |打捆,vn|w|vn|vn|w|n|w|v
单一| |集中,a|w|v
每次| |一个|客户| |配货|服务,r|w|m|n|w|vn|vn
同时| |多|个|客户| |配货|服务,d|w|a|q|n|w|vn|vn
订购点法| |固定|订购|点| |订购批量| |库存量| |控制|方法,nz|w|v|vn|n|w|nz|w|n|w|vn|n
固定|检查| |订购|周期| |库存量| |控制|方法,a|vn|w|vn|n|w|n|w|vn|n
某|类| |库存物|资品种|数| |百分数| |物资|金额| |库存|物资|总|金额| |百分数| |库存物资| |A|、|B|、|C| |分级|管理,r|q|w|n|n|n|w|n|w|n|n|w|n|n|a|n|w|n|w|n|w|xc|w|xc|w|xc|w|vn|vn
两种|以上| |工具| |装卸| |搬运|作业,m|f|w|n|w|vn|w|v|n
利用|重力| |经济|合理| |适应性| |顺畅性,v|n|w|n|a|w|n|w|n
货物| |在|库|期间| |货物| |保管| |保养| |工作量| |质量| |心理|预期,n|w|p|n|f|w|n|w|v|w|vn|w|n|w|n|w|n|vn
货位| |仓储笼| |托盘| |垫板| |集装袋| |拉伸缠绕膜| |装卸|搬运|工具| |保管|保养|机具| |包装物| |消防|灭火|器材,n|w|n|w|n|w|n|w|n|w|nz|w|v|vn|n|w|v|vn|n|w|n|w|vn|vn|n
物品| |指定|地点| |人力| |机械| |载入| |卸出| |运输工具,n|w|vn|n|w|n|w|n|w|v|w|v|w|n
同一|场所| |物品| |空间|移动| |作业|过程,a|n|w|n|w|n|v|w|vn|n
人工|搬运| |单件|作业,n|v|w|n|vn
集装箱| |仓储笼| |托盘| |集装袋| |集装| |搬运,n|w|n|w|n|w|n|w|n|w|v
粉末状|物品| |不适宜|包装| |散货| |装卸| |搬运|活动,n|n|w|a|n|w|n|w|vn|w|vn|n
单件|作业| |集装|作业| |散装|作业,n|n|w|vn|n|w|vn|n
查验| |进货账卡| |熟悉| |物品|特性| |制定| |物品|储存|方法| |储存|准备|工作,v|w|nz|w|v|w|n|n|w|v|w|n|vn|n|w|vn|vn|n
定期| |临时| |库存|物品| |实际|数量| |清查| |清点,a|w|a|w|vn|n|w|a|n|w|vn|w|n
账| |物| |卡| |相符| |重要|措施,n|w|n|w|n|w|v|w|a|n
每|季度| |半年| |年终| |财务|结算| |一次|全面| |盘点,r|n|w|TIME|w|t|w|n|vn|w|m|a|w|vn
定期| |临时,a|w|a
数量|盘点| |重量|盘点| |账|实|核对| |账卡核对| |账|账|核对,n|vn|w|n|vn|w|n|ad|v|w|nz|w|n|n|v
人机| |人工,n|w|n
不同|物品| |保护| |保养| |质量控制,a|n|w|v|w|vn|w|vn
易燃| |爆炸| |腐蚀| |毒害| |放射|射线,a|w|vn|w|vn|w|vn|w|vn|n
气温| |库温| |垛温,n|w|PER|w|nr
空气| |水蒸气| |含量|程度| |绝对湿度| |饱和湿度| |相对湿度| |衡量,n|w|n|w|n|n|w|n|w|nz|w|n|w|v
调节| |仓库|温湿度| |注意| |虫|鼠害| |霉腐| |锈蚀,v|w|n|n|w|v|w|n|n|w|vn|w|v
散堆|方式| |货架|方式| |成|组|堆码|方式| |垛堆|方式,n|n|w|n|n|w|v|n|vn|n|w|nz|n
无|包装| |散货| |仓库| |露天|货场| |货堆,v|n|w|n|w|n|w|a|n|w|n
货架| |堆|码,n|w|v|n
成|组|工具| |物品| |组成|一组| |堆存| |单元|扩大| |装卸|机械| |成|组| |搬运| |装卸,v|n|n|w|n|w|v|m|w|vn|w|n|v|w|vn|n|w|v|n|w|v|w|v
直接| |物品| |堆|码,a|w|n|w|v|n
应用| |最|广泛| |样式| |最|繁多,vn|w|d|a|w|n|w|d|a
墙|距| |柱| |顶距| |灯|距| |垛距,n|v|w|n|w|n|w|n|v|w|nz
主|通道| |支|通道| |副道,a|n|w|v|n|w|n
保管| |掌握| |物品|资料| |挂|有| |过关| |垛|物品| |资料|标签,v|w|v|w|n|n|w|v|v|w|v|w|n|n|w|n|n
货位号| |物品|名称| |规| |制造|日期,nz|w|n|n|w|n|w|vn|n
货|跺| |外部|形状| |矩形| |正方形|、|三角形| |梯形| |半圆形,n|v|w|f|n|w|n|w|n|w|n|w|n|w|n
就|垛| |鱼鳞式| |固定|棚架| |活动|棚架| |隔离,d|v|w|a|w|v|n|w|n|n|w|v
物品| |堆|码| |适合| |衬垫|材料| |铺垫,n|w|v|n|w|v|w|n|n|w|vn
入|出库| |计量|工具| |精度| |差别| |物品| |数量|差异,v|n|w|vn|n|w|n|w|n|w|n|w|n|n
标准损耗率| |保管|损耗率,nz|w|v|n
保管| |物品| |繁盛| |自然损耗,v|w|n|w|a|w|vn
自然|损耗|量| |物品|库存量| |比值,n|vn|n|w|n|n|w|n
整理| |整顿| |清扫| |清洁| |素养,v|w|vn|w|vn|w|an|w|n
保障| |供应| |库存|物品| |数量| |最少| |有效|技术| |经济|措施,vn|w|vn|w|vn|n|w|n|w|a|w|a|n|w|n|n
周转库存| |安全|库存| |转运|库存,nz|w|an|n|w|vn|n
订货| |每次|一批| |周期性| |库存,v|w|r|m|w|n|w|n
不确定性|因素| |突发性|订货| |交货期|延期| |临时|用量|增加| |交货|误期| |预计| |保险|储备|量| |缓冲|库存,n|n|w|n|v|w|n|v|w|a|n|v|w|vn|n|w|v|w|n|vn|n|w|vn|n
企业| |一次|订货| |各种|活动| |费用| |差旅费| |订货|手续费| |招待费,n|w|m|v|w|r|n|w|n|w|n|w|vn|n|w|n
保管| |保管|物品| |全部|费用,v|w|v|n|w|n|n
存货|不足| |损失| |不|容许| |缺货| |缺货|成本| |零,n|a|w|n|w|d|v|w|v|w|vn|n|w|m
进货|途中| |全部|支出| |包装费| |装卸|费,vn|s|w|n|n|w|n|w|vn|n
订货|成本| |保管|成本| |缺货|成本| |进货|成本| |购买|成本| |固定成本| |变动成本,vn|n|w|v|n|w|vn|n|w|vn|n|w|v|n|w|n|w|n
进货|成本| |购买|成本| |订货|批量| |无关,vn|n|w|v|n|w|vn|n|w|v
订货|成本| |保管|成本| |缺货|成本| |订货批量| |有关,vn|n|w|v|n|w|vn|n|w|nz|w|v
预先|确定| |时间|间隔| |订购|物品| |补充|库存| |库存|控制,d|v|w|n|n|w|vn|n|w|v|n|w|vn|vn
生产|入库| |作业|计划| |基础| |依据| |存货|人| |仓储|服务| |需求| |仓储|企业,vn|vn|w|vn|n|w|n|w|n|w|n|n|w|vn|vn|w|n|w|vn|n
存货人| |仓库| |入库|申请| |书面|形式| |入库|通知单| |预报|信息,n|w|n|w|vn|vn|w|a|n|w|vn|n|w|vn|n
仓库|部门| |本|部门| |存货|人| |存货人|需求| |仓库|存储| |未来|一定|时期| |仓库| |目标| |实现|方法,n|n|w|r|n|w|n|n|w|n|n|w|n|vn|w|t|a|n|w|n|w|n|w|v|n
存货|人| |发货| |仓库|部门| |入库| |准备,n|n|w|vn|w|n|n|w|vn|w|v
直达| |直通| |储存|分拣| |流通|加工| |投机,v|w|vn|w|vn|vn|w|vn|vn|w|vn
直达|转运| |物品| |卸车|入库| |运输工具| |直接| |货主,v|vn|w|n|w|v|v|w|n|w|a|w|n
物品| |仓库| |入库| |客户| |下达|指令| |分拣| |送|抵|客户,n|w|n|w|vn|w|n|w|v|n|w|vn|w|v|v|n
物品| |仓库|后| |卸货| |验收| |搬运| |分拣| |加工| |再|分拣| |送|抵|客户,n|w|n|f|w|v|w|vn|w|v|w|vn|w|vn|w|d|v|w|v|v|n
物品| |仓库| |入库| |指令| |送|抵|客户| |超额|利润,n|w|n|w|vn|w|n|w|v|v|n|w|vn|n
空余库位| |货架| |选择| |搬运|方法,nz|w|n|w|vn|w|vn|n
存货|人| |申请| |仓储|企业| |评估| |拒绝| |不予|收|货| |接受| |制定|入库|计划,n|n|w|vn|w|vn|n|w|vn|w|v|w|v|v|n|w|v|w|v|vn|n
物品| |运动| |量,n|w|vn|w|n
物品| |经常| |进出|库,n|w|d|w|vn|n
物品| |不常| |进出|库,n|w|a|w|vn|n
货位| |苫垫材料| |验收| |装卸|搬运|器械| |人员| |单证,n|w|nz|w|vn|w|v|vn|n|w|n|w|n
场站|接货| |专用线|接|车| |仓库|自行|接货| |库|内|接货,n|v|w|n|v|n|w|n|d|v|w|n|f|v
仓储|企业| |存货|人| |委托| |合同|约束| |车站| |码头| |物品| |储运|地| |零担托运| |小批量|物品,vn|n|w|n|n|w|vn|w|n|vn|w|n|w|n|w|n|w|vn|n|w|nz|w|n|n
某|企业| |铁路|专用线| |支线| |大批|整车| |物品|接运,r|n|w|n|n|w|n|w|m|n|w|n|v
仓储|企业| |存货|委托人| |指定|企业| |接货,vn|n|w|n|n|w|vn|n|w|v
仓储|企业| |仓库|内| |存货|委托人| |物品,vn|n|w|n|f|w|n|n|w|n
送货|单| |装箱单| |磅码单| |原产地|证明,vn|n|w|nz|w|n|w|n|n
计件| |检|斤| |检尺|求积,n|w|v|q|w|n|v
件|数| |供货| |件数| |计量|单位| |物品| |数量|验收| |清|点|件|数,q|n|w|vn|w|n|w|vn|n|w|n|w|n|vn|w|a|q|q|n
重量| |供货| |重量| |计量|单位| |物品| |数量|验收| |称重,n|w|vn|w|n|w|vn|n|w|n|w|n|vn|w|v
体积| |计量|单位| |物品| |检尺| |体积| |数量|验收,n|w|vn|n|w|n|w|n|w|n|w|n|vn
检量| |木材| |实际|长度| |某|项|标准| |尺寸,n|w|n|w|a|n|w|r|q|n|w|n
检量| |木材|直径| |某|项|标准| |尺寸,n|w|n|n|w|r|q|n|w|n
外观| |尺寸|精度| |机械|物理|性能| |化学成分,n|w|n|n|w|n|n|n|w|n
外观| |检验| |尺寸|精度| |检验,n|w|vn|w|n|n|w|vn
物品| |外观|检验| |仓库|保管| |职能|机构| |组织,n|w|n|vn|w|n|v|w|n|n|w|n
全|验| |抽验,d|v|w|v
数量| |质量,n|w|n
任务|目标| |精简| |专业|分工| |协作| |指挥|统一| |责权利|结合| |有效|管理|幅度| |稳定性| |适应性|结合,n|n|w|v|w|a|vn|w|vn|w|v|a|w|n|v|w|a|vn|n|w|n|w|n|vn
决策层| |执行|监督|层| |仓库|作业|层,n|w|v|vn|n|w|n|vn|n
一个|上级| |直接|管理| |多|个|下级| |组织结构,m|n|w|ad|v|w|a|q|n|w|n
直线制| |直线职能制| |事业部制,nz|w|nz|w|nz
直线制| |职能|部门| | |不同|专业| | |职能|结构| |某种|职能| |组合体,nz|w|n|n|w|w|a|n|w|w|n|n|w|r|n|w|n
仓储| |组织结构| |形式| |总公司| |职能| |事业部| |统一|管理| |分散|经营,vn|w|n|w|n|w|n|w|n|w|n|w|ad|v|w|vd|v
保管员| |理货员| |商品|养护员,n|w|n|w|n|n
存储|物品| |保存| |维护|管理,vn|n|w|vn|w|v|vn
仓库| |配送|中心| |超市| |港口|码头| |物品|整理| |拣选| |配货| |包装| |符合| |置唛| |物品|交接| |验收| |整理| |堆|码,n|w|vn|n|w|n|w|n|n|w|n|vn|w|v|w|vn|w|n|w|v|w|vn|w|n|v|w|vn|w|vn|w|v|n
库存| |商品| |保养|维护,n|w|n|w|vn|vn
仓库| |物品| |仓储|管理| |一线|操作|人员| |物品|收发| |出|入库| |分拣| |理货| |装卸工| |仓管员,n|w|n|w|vn|vn|w|n|vn|n|w|n|vn|w|v|vn|w|vn|w|vn|w|n|w|nz
立柱| |隔板| |横梁| |储存|物品| |设施,n|w|n|w|n|w|vn|n|w|n
仓容| |货物| |存取| |清点| |计量,n|w|n|w|v|w|vn|w|vn
传统式|货架| |新型|货架,a|n|w|a|n
层架| |层|格架| |橱架| |抽屉架,n|w|q|n|w|n|w|n
悬臂式|货架| |橱柜式|货架| |棚|板式|货架,a|n|w|a|n|w|n|a|n
敞开式|货架| |半|封闭式|货架| |封闭式|货架,a|n|w|m|a|n|w|a|n
通用|货架| |专用|货架,vn|n|w|vn|n
固定式| |移动式| |旋转式| |组合| |可调式| |流动|储存,a|w|an|w|a|w|vn|w|a|w|vn|vn
叉车| |装卸|设备| |作业| |托盘| |保管| |货物| |货架| |机械化| |自动化| |货架|仓库| |组成,n|w|vn|n|w|n|w|n|w|v|w|n|w|n|w|vn|w|vn|w|n|n|w|v
货架| |通道| |坡度| |轨道| |导轨| |入库| |单元|货物| |重力| |入库端| |出库端,n|w|n|w|n|w|n|w|n|w|vn|w|n|n|w|n|w|n|w|n
叉具| |物品| |升降| |移动| |装卸作业| |搬运|车辆,n|w|n|w|vn|w|v|w|nz|w|v|n
桥式| |巷道式,a|w|a
平衡|重式| |前移式| |侧面| |拣选| |电动|插腿式| |多方向|堆垛| |集装箱,a|a|w|a|w|f|w|v|w|a|a|w|n|v|w|n
悬挂|单梁式| |悬挂|双梁式,v|a|w|v|n
物流| |承载|货物| |集装| |单元化工具| |搬运| |装卸|机械| |集装|器具,n|w|v|n|w|n|w|nz|w|v|w|vn|n|w|vn|n
箱式托盘| |柱式托盘| |网箱|托盘| |机械化| |搬运| |短距离| |人力移动,nz|w|nz|w|n|n|w|vn|w|v|w|n|w|vn
连续| |输送|设备| |带式输送机| |螺旋输送机| |滚筒|输送机| |滚轮式输送机| |链条式输送机| |链板|输送|线,a|w|vn|n|w|nz|w|nz|w|n|n|w|nz|w|nz|w|n|vn|n
物品| |储存|作业| |验收| |分发|作业区| |管理室| |生活|间| |辅助|设施,n|w|vn|n|w|vn|w|vn|n|w|n|w|n|f|w|vn|n
仓库| |组成|部分| |库存| |货棚| |货场| |辅助|建筑物| |铁路|专运线| |库|内|道路| |附属|固定|设备,n|w|vn|n|w|n|w|n|w|n|w|v|n|w|n|n|w|n|f|n|w|vn|a|n
仓库| |专业化|程度| |规模| |功能,n|w|vn|n|w|n|w|n
库存| |物品| |种类,n|w|n|w|n
仓储|作业| |过程| |仓储|作业| |进行| |仓储| |经济效益| |安全| |职工|健康,vn|n|w|n|w|vn|n|w|v|w|vn|w|n|w|an|w|n|an
仓库| |平面| |空间| |利用率| |物品| |保管|质量| |出|入库|作业| |仓储| |处置|成本,n|w|n|w|n|w|n|w|n|w|v|n|w|v|vn|n|w|vn|w|vn|n
物品| |储存|条件| |仓库| |空间|利用率| |地坪|载荷| |仓库|设施,n|w|vn|n|w|n|w|n|n|w|n|n|w|n|n
分类| |因素| |分类|方法,vn|w|n|w|vn|n
仓库| |空间|利用率| |高低| |衡量| |仓库| |经营|管理|水平| |重要|指标,n|w|n|n|w|n|w|v|w|n|w|vn|vn|n|w|a|n
横列式| |纵列式| |混合式,a|w|a|w|a
储存| |物品| |仓库| |立体|空间| |布局| |仓库|空间,vn|w|n|w|n|w|a|n|w|n|w|n|n
物品|堆垛| |利用|货架| |架|上|平台,n|n|w|v|n|w|v|v|n
库房| |货场| |货棚| |货架| |物品| |存放| |位置|顺序| |号码| |标志,n|w|n|w|n|w|n|w|n|w|v|w|n|n|w|n|w|n
库房|编号| |库房|内|货位|编号| |货架|货位|编号| |货场|货位|编号,n|n|w|n|f|n|n|w|n|n|n|w|n|n|n
仓库|内部| |平面|布局| |仓库|内部| |空间|布局,n|f|w|n|n|w|n|f|w|n|n
控制|可燃物| |隔绝|空气| |消除|引|火源| |阻止|火势|蔓延| |灭火器|使用,v|n|w|v|n|w|v|v|n|w|v|n|v|w|n|v
泡沫| |干粉| |二氧化碳,n|w|n|w|n
作业|环境| |作业| |机械|作业| |防护|工作| |专人|指挥| |休息|时间,n|n|w|n|w|n|n|w|vn|n|w|n|v|w|vn|n
许可| |操作| |器械|作业| |设备|作业| |专人|指挥,vn|w|vn|w|n|n|w|n|n|w|n|v
保管|人| |储存| |存货|人| |交付| |仓储物| |支付| |仓储费| |合同,v|n|w|vn|w|n|n|w|v|w|n|w|v|w|n|w|n
合同| |双方| |合意| |成立,n|w|n|w|a|w|v
验收| |项目| |方法| |期限,vn|w|n|w|n|w|n
物品| |验收|资料| |保管|人| |验收|报告,n|w|vn|n|w|v|n|w|vn|n
项目| |方法| |期限,n|w|n|w|n
事故| |大小| |次数| |人身伤亡| |仓库|失火| |爆炸| |被盗| |机械|损坏| |事故,n|w|n|w|n|w|vn|w|n|v|w|vn|w|v|w|n|v|w|n
仓储|企业| |储存|物品|过| |装卸|搬运| |存储|保管| |流通|加工| |收发|物品| |建造| |购置|仓库| |设施|设备| |人力| |物力| |财力| |风险|成本| |总和,vn|n|w|vn|n|u|w|v|v|w|vn|vn|w|vn|vn|w|vn|n|w|v|w|v|n|w|n|n|w|n|w|n|w|n|w|n|n|w|n
物流|成本| |组成|部分| |物流|成本| |高低| |直接影响,n|n|w|vn|n|w|n|n|w|n|w|v
货物|保管| |支出| |仓储|设施| |设备|投资| |仓储|保管|作业| |活|劳动| |物化|劳动| |工资| |能源|消耗,n|v|w|vn|w|vn|n|w|n|vn|w|vn|vn|n|w|a|vn|w|vn|vn|w|n|w|n|vn
材料| |燃料| |动力| |消耗|指标| |储存|费用,n|w|n|w|n|w|vn|n|w|vn|n
货损| |货差率| |设备| |完好率| |保管| |损耗率| |账务| |差异率| |收|发货| |差错率,n|w|nz|w|n|w|n|w|v|w|n|w|n|w|nz|w|v|vn|w|n
物品| |吞吐量| |收|发货|时间| |物品| |验收率| |劳动生产率| |库存|物品| |周转率| |仓库| |作业|效率,n|w|n|w|v|vn|n|w|n|w|n|w|nz|w|vn|n|w|n|w|n|w|vn|n
工资|利润率| |成本|利润率| |资金|利润率| |利润|总额| |收入|利润率| |物品|保管|利润,n|n|w|n|n|w|n|n|w|n|n|w|n|n|w|n|v|n
仓库|货物| |周转率| |单位|面积| |储存|量| |仓库|空间| |利润率| |设备| |利润率,n|n|w|n|w|n|n|w|vn|n|w|n|n|w|n|w|n|w|n
衡量| |仓储|企业| |经营|管理|水平| |管理|质量| |高低| |重要|标志,v|w|vn|n|w|vn|vn|n|w|vn|n|w|n|w|a|n
固定成本| |变动成本,n|w|n
存储| |装卸|搬运|作业| |备货|作业|成本| |人工费用| |包装|作业|成本| |机具|物料| |燃料| |成本|控制| |仓储| |服务|质量| |仓储|成本| |机会|成本| |风险|成本,vn|w|v|vn|n|w|vn|vn|n|w|nz|w|vn|vn|n|w|n|n|w|n|w|n|vn|w|vn|w|vn|n|w|vn|n|w|n|n|w|n|n
装卸|搬运|机具| |物品| |装卸|搬运| |活性化| |可|运性| |重力|作用| |能量|消耗| |装卸|搬运|方式| |装卸|搬运|作业,v|v|n|w|n|w|v|v|w|vn|w|v|n|w|n|n|w|n|vn|w|v|vn|n|w|v|vn|n
备货|作业|方式| |仓储|空间| |备货|成本| |货位管理| |备货|作业|效率,vn|vn|n|w|vn|n|w|vn|n|w|nz|w|vn|vn|n
全面|分拣| |批处理|分拣| |分区|分拣| |分组|分拣,ad|v|w|vn|vn|w|vd|v|w|vd|v
物美价廉| |包装材料| |包装|作业| |机械化| |包装|效率| |大|包装| |简单化| |节约| |包装材料| |原有|包装| |新|标签,a|w|n|w|vn|n|w|vn|w|vn|n|w|a|n|w|v|w|v|w|n|w|vn|n|w|a|n
ERP| |美国| |1990年| |MRP II| |制造业|系统| |资源|计划,nz|w|LOC|w|TIME|w|nz|w|n|n|w|n|n
不|出现| |短缺| |不|积压| |库存| |计划|方法| |ERP|系统| |核心|功能,d|v|w|v|w|d|v|w|n|w|vn|n|w|nz|n|w|n|n
原料| |生产| |销售| |产品结构,n|w|vn|w|vn|w|n
TMS| |供应链| |基于|网络| |操作|软件| |方法| |其他|相关| |操作| |物流| |管理|能力,nz|w|n|w|p|n|w|vn|n|w|n|w|r|v|w|vn|w|n|w|vn|n
调度|管理| |车辆|管理| |配件|管理| |油耗|管理| |费用|结算| |人员|管理| |资源|管理| |财务|核算| |绩效|考核| |车辆|跟踪| |业务|跟踪| |业务|统计| |白卡|管理| |监控|中心|系统| |账单|查询,vn|vn|w|n|vn|w|n|vn|w|n|vn|w|n|vn|w|n|vn|w|n|vn|w|n|vn|w|n|vn|w|n|v|w|n|v|w|n|vn|w|n|vn|w|vn|n|n|w|n|v
供应链|管理| |销售|与|市场| |分销| |客户|服务| |财务|管理| |制造|管理| |库存|管理| |工厂|设备|维护| |人力资源| |报表| |制造|执行|系统| |工作流|服务| |企业|信息系统| |金融|投资|管理| |质量|管理| |运输|管理| |项目|管理| |法规|与|标准| |过程|控制,n|vn|w|vn|c|n|w|vn|w|n|vn|w|n|vn|w|vn|vn|w|vn|vn|w|n|n|vn|w|n|w|n|w|v|vn|n|w|n|vn|w|n|n|w|n|vn|vn|w|n|vn|w|vn|vn|w|n|vn|w|n|c|n|w|n|vn
收|货| |组盘| |注册| |上架,v|n|w|n|w|vn|w|v
仓库|控制系统| |WMS|系统| |PLC|系统| |管理|控制系统,n|n|w|nz|n|w|nz|n|w|vn|n
波次|运算| |补货| |拣选| |复核|包装| |集货| |发货,nr|v|w|v|w|v|w|vn|n|w|vn|w|v
用户| |部门| |货位| |客户|主| |物流|主| |订单|类| |其他,n|w|n|w|n|w|n|n|w|n|n|w|n|n|w|r
规则|排列| |条| |空| |代码| |商品| |特定|信息| |标识,n|v|w|n|w|a|w|n|w|n|w|a|n|w|n
不同|颜色| |物体| |可见光| |波长|不| |光电转换器| |反射|光|信号| |电信|号| |放大| |输出,a|n|w|n|w|n|w|n|d|w|nz|w|vn|n|n|w|n|n|w|v|w|vn
商品|条码| |物流|条码| |二维|条码,n|n|w|n|n|w|m|n
无线电讯号| |微|芯片| |标签|识别| |读写| |相关|数据| |通讯|技术,nz|w|a|n|w|n|vn|w|v|w|vn|n|w|n|n
非|接触|识别| |雪| |雾| |冰| |物体| |条形码| |恶劣|环境| |阅读|标签| |速度快| |保密性|强,d|v|v|w|n|w|n|w|n|w|n|w|n|w|a|n|w|vn|n|w|a|w|n|a
标签| |阅读器| |天线,n|w|n|w|n
货架|格位| |电子|显示|装置| |取代|拣|货单| |物品| |数量| |捡|货|人员| |减少| |寻找|时间,n|n|w|n|vn|n|w|v|v|n|w|n|w|n|w|v|n|n|w|v|w|v|n
操作| |管理|数据库| |大型|软件| |建立| |使用| |维护|数据库| |物流|系统| |库存| |货位| |入|出库|记录| |重要|数据| |DBMS|管理,vn|w|vn|n|w|a|n|w|v|w|vn|w|v|n|w|n|n|w|n|w|n|w|v|vn|n|w|a|n|w|nz|vn
经济|合理| |用户|要求| |物品| |拣选| |加工| |包装| |分割| |组配| |送达| |指定|地点| |物流|活动,n|a|w|n|n|w|n|w|v|w|vn|w|n|w|vn|w|vn|w|v|w|vn|n|w|n|n
集货| |储存| |分拣| |拣选| |配货| |配装| |配送|运输| |送达|服务,vn|w|vn|w|vn|w|v|w|vn|w|vn|w|vn|vn|w|v|vn
分散| |小批量| |物品| |集中| |运输| |配送,v|w|n|w|n|w|v|w|vn|w|v
储备| |暂存| | |配送|储备| |数量|大| |储存| |计划性| |暂存| |分拣|配货| |理|货|场地| |少量| |储存|准备,vn|w|vn|w|w|v|vn|w|n|a|w|vn|w|n|w|vn|w|vn|vn|w|v|n|n|w|m|w|vn|vn
物品| |品种| |出|入库| |先后|顺序| |分门别类| |堆放,n|w|n|w|v|vn|w|d|n|w|v|w|v
订单| |出库单| |储存场| |物品| |指定|地点,n|w|nz|w|n|w|n|w|vn|n
拣选|设备| |传输|装置| |物品| |分拣| |配备|齐全| |指定|发货|地,vn|n|w|vn|n|w|n|w|vn|w|v|a|w|v|v|u
单个|客户| |配送|数量| |运载|负荷| |配送|货物| |搭配|装载| |运能| |运力| |配装,a|n|w|vn|n|w|vn|n|w|vn|n|w|v|v|w|n|w|n|w|v
较|短|距离| |较小|规模| |额度|较高| |运输|形式| |汽车,d|a|n|w|a|n|w|n|a|w|vn|n|w|n
最佳|路线| |配装| |路线| |有效|搭配,a|n|w|vn|w|n|w|ad|v
客户| |订货|信息| |配送|作业| |驱动|源,n|w|vn|n|w|vn|n|w|vn|n
配送|服务| |第一个|环节| |配送|服务|质量| |基础,vn|vn|w|m|n|w|vn|vn|n|w|n
配送|中心| |配送|业务| |客户|订单| |订单| |分拣| |补货| |配货| |送货,vn|n|w|vn|n|w|n|n|w|n|w|vn|w|v|w|vn|w|vn
订货|要求| |配送|中心| |送货|计划| |商品| |储位| |拣取| |分类| |集中| |配装|送货,vn|n|w|vn|n|w|vn|n|w|n|w|vn|w|v|w|vn|w|v|w|v|vn
顺利| |有序| |方便| |商品| |货物| |整理| |订单| |组合,a|w|an|w|a|w|n|w|n|w|vn|w|n|w|vn
拣选|设备| |传输|装置| |货物| |分拣| |配备| |指定|发货|区,vn|n|w|vn|n|w|n|w|vn|w|vn|w|vn|vn|n
单个|客户| |配送|数量| |运载|负荷| |配送|货物| |搭配|装载| |运能| |运力,a|n|w|vn|n|w|vn|n|w|vn|n|w|v|v|w|n|w|n
货物|装车| |实际|配送| |配送|区域| |配送|线路| |先后|次序| |商品| |装车|顺序| |配送|途中| |商品| |跟踪| |控制,n|v|w|ad|v|w|vn|n|w|vn|n|w|d|n|w|n|w|vn|n|w|vn|s|w|n|w|vn|w|v
物品| |生产|领域| |消费|领域| |流通|主体| |流通服务| |销售| |产品|质量| |物流|效率,n|w|vn|n|w|vn|n|w|vn|n|w|vn|w|vn|w|n|n|w|n|n
配送|中心| |客户|需要| |配送|业务| |商品|货源| |商品|存储| |进货| |配送| |基础|环节| |配送|成败| |配送|效益,vn|n|w|n|n|w|vn|n|w|n|n|w|n|vn|w|vn|w|vn|w|n|n|w|vn|n|w|vn|n
顾客|下单| |订单|处理| |拣货| |配货| |配装| |配送| |流通|加工| |进货,n|v|w|n|vn|w|vn|w|vn|w|vn|w|vn|w|vn|vn|w|vn
自营|配送|模式| |共同|配送|模式| |第三方|配送,vn|vn|n|w|ad|v|n|w|n|v
直线制| |职能制| |直线职能制| |矩阵制,nz|w|n|w|nz|w|nz
结构|简单| |权力|集中| |责任|分明| |命令|统一| |联系|简捷| |管理|职能|集中| |部门|协调|差,n|a|w|n|v|w|n|a|w|v|a|w|v|a|w|vn|n|v|w|n|v|a
命令|统一| |职责|明确| |管理|程度|较高| |组织|稳定| |缺乏|交流| |协作|配合| |易|产生|摩擦| |灵敏度|较|低| |运作|效率|低,n|a|w|n|a|w|vn|n|a|w|v|an|w|v|vn|w|vn|vn|w|ad|v|vn|w|n|d|a|w|vn|n|a
单向|领导| |加强|配合| |提高|效率| |积极性| |创造性| |管理|水平| |机动性| |灵活性,a|n|w|v|vn|w|v|n|w|n|w|n|w|vn|n|w|n|w|n
成员|不|固定| |临时|观念| |双重|领导| |不易|分|清|责任,n|d|a|w|a|n|w|a|n|w|ad|v|a|n
客户|订单| |拣货| |作业|阶段| |订单|确认| |存货|查询| |单据|处理,n|n|w|vn|w|vn|n|w|n|v|w|n|vn|w|n|v
零售商| |订货|作业| |订货|资料| |快速|下单| |配送|中心| |接单|作业| |订货|资料| |订单|进度,n|w|vn|n|w|vn|n|w|ad|v|w|vn|n|w|vn|n|w|vn|n|w|n|n
人工处理| |计算机|处理,vn|w|n|vn
订单|内容|确认| |订单|接收| |订单|资料|输出| |存货|查询| |订单|分配|存货,n|n|v|w|n|v|w|n|n|vn|w|n|vn|w|n|v|n
一般| |兑换券| |现销式| |间接| |合约式| |寄|库式,a|w|n|w|a|w|a|w|a|w|v|n
信赖感| |订货|周期| |紧急|订货| | |缺货|现象| |小|客户| |装配| |包装| |订单|处理,n|w|vn|n|w|ad|v|w|w|vn|n|w|a|n|w|vn|w|n|w|n|vn
订单|准备| |订单|传输| |订单|录入| |订单|履行| |订单|跟踪,n|v|w|n|vn|w|n|v|w|n|v|w|n|v
用户| |货物| |储存|保管处| |分类| |集中| |处理| |放置,n|w|n|w|vn|n|w|vn|w|a|w|vn|w|v
拣货|信息| |拣|货单,vn|n|w|v|n
正确| |迅速| |集合| |客户| |订购|货品,a|w|a|w|v|w|n|w|v|n
配送| |送货| |其他|物流|形式| |配送|中心| |作业|系统| |核心,v|w|vn|w|r|n|n|w|vn|n|w|vn|n|w|n
生成|拣货|资料| |行走|搬运| |拣取| |分类| |集中,v|vn|n|w|v|v|w|v|w|vn|w|v
正确| |迅速| |集合| |顾客| |订购|商品,a|w|a|w|v|w|n|w|v|n
拣货|作业| |拣取|货物| |包装|单位| |订货|单位| |过小|单位| |作业量| |误差| |最小|单位| |箱| |单品| |拣货|单位,vn|n|w|v|n|w|vn|n|w|vn|n|w|a|n|w|n|w|n|w|a|n|w|n|w|n|w|vn|n
订单|拣货| |分拣| |一个|订单| |分拣| |下一个|订单,n|v|w|vn|w|m|n|w|vn|w|r|n
单件| |托盘| |箱| |特殊|物品,n|w|n|w|n|w|a|n
分拣|人员| |分拣|工具| |储存|点| |订单| |商品| |数量| |仓库|储位| |其它|作业|区| |集中| |传统|拣货|方式| |摘果式| |人|到货|前式| |订单|别|拣选| |单一|顺序|拣选,vn|n|w|vn|n|w|vn|n|w|n|w|n|w|n|w|n|vn|w|r|vn|n|w|v|w|a|vn|n|w|a|w|n|v|a|w|n|d|v|w|a|n|v
配货| |准确度|高| |分拣|没|约束| |直接|装车|配送| |客户|数量| |不受|限制| |机械化| |自动化| |设备|水平| |限制,v|w|n|a|w|vn|v|v|w|ad|v|v|w|n|n|w|v|vn|w|vn|w|vn|w|n|n|w|vn
商品|品种| |拣货| |行走|路线| |拣取|效率|低| |拣取|区域|大| |搬运|系统| |设计|困难| |少量| |多批次|拣取| |拣货|路径| |重复费|高| |效率|降低,n|n|w|vn|w|v|n|w|v|n|a|w|v|n|a|w|vn|n|w|vn|n|w|m|w|m|v|w|vn|n|w|n|a|w|n|v
多|张|订单| |集合| |一批次| |商品| |品种|类别| |数量|加|总| |分拣| |客户|订单| |分类|处理| |拣货|作业|方式| |播种式,a|q|n|w|v|w|m|w|n|w|n|n|w|n|v|a|w|vn|w|n|n|w|vn|vn|w|vn|vn|n|w|n
按单|分拣| |批量|分拣| |组合|运用| |订单|品项| |数量| |出库|频率| |按单|分拣| |批量|分拣,d|v|w|n|vn|w|vd|v|w|n|n|w|n|w|vn|n|w|d|v|w|n|vn
每个|订单| |一种|品项| |配送|效率| |订单|整合| |拣|货单| |一次|分拣| |集中|捆|包| |出库| |按单|分拣| |变形|方式,r|n|w|m|n|w|vn|n|w|n|vn|w|v|n|w|m|vn|w|ad|v|n|w|v|w|d|v|w|vn|n
作业|方法| |简单| |订单|处理| |前置|时间|短| |导入|容易| |作业|弹性|大| |作业员| |责任|明确| |作业| |容易|组织| |分类|作业,vn|n|w|a|w|n|vn|w|vn|n|a|w|v|a|w|vn|n|a|w|n|w|n|a|w|n|w|ad|v|w|vn|vn
合计|后|拣货| |效率|较高| |盘|亏|较少,v|f|v|w|n|a|w|n|v|a
人| |储存|区| |货物,n|w|vn|n|w|n
货物| |静态| |储存|方式| |货物| |小型| |出货量|较少,n|w|n|w|vn|n|w|n|w|a|w|n|a
货物| |移动| |人|或|拣选机| |人|或|拣选机| |拣选| |货物,n|w|v|w|n|c|n|w|n|c|n|w|v|w|n
自动|机械| |电子|信息| |分拣|作业| |合流| |分拣|识别| |分拣|分流| |分运,a|n|w|n|n|w|vn|n|w|n|w|vn|vn|w|vn|vn|w|vn
计算机| |辅助| |无纸化| |拣货|系统| |计算机| |拣选|指令| |操作者| |显示屏| |导引| |操作者| |规定|作业,n|w|vn|w|vn|w|vn|n|w|n|w|v|n|w|n|w|n|w|v|w|n|w|v|n
货位| |数字显示器| |计算机| |订单|信息| |数字显示器| |拣货|人员| |数字|拣货| |拣货|工作| |电子|标签|拣货,n|w|nz|w|n|w|n|n|w|nz|w|vn|n|w|n|vn|w|vn|n|w|n|n|vn
品种| |库位|指示| |出库|数量|显示| |操作|完成| |信息|确认,n|w|n|n|w|vn|n|v|w|vn|v|w|n|v
传统| |智慧型,n|w|a
分拣|作业|效率| |因素| |不同| |订单|需求| |不同| |分拣|策略,vn|vn|n|w|n|w|a|w|n|n|w|a|w|vn|n
分区| |订单|分割| |订单|分批| |分类,n|w|n|v|w|n|v|w|vn
总|合计量分批| |固定|订单|分批| |时窗分批| |智能型|分批,a|vn|w|v|n|v|w|nz|w|a|n
优点| |一次|拣|出| |商品|总量| |平均|拣取|路径| |最短| |储存|单位| |单纯化| |缺点| |分类|系统| |分类|作业| |订单|数,n|w|m|v|v|w|n|n|w|ad|v|n|w|a|w|vn|n|w|vn|w|n|w|vn|n|w|vn|n|w|n|n
优点| |拣货|效率| |自动化| |缺点| |订单| |商品|总量| |变化| |分类|作业| |不|经济,n|w|vn|n|w|vn|w|n|w|n|w|n|n|w|vn|w|vn|n|w|d|n
优点| |订单|类似性| |拣货|路径| |顺序| |拣货|效率| |提高| |缺点| |软件|技术|层次| |较高| |信息处理| |前置|时间长| |紧急|插单|处理|作业| |困难,n|w|n|n|w|vn|n|w|n|w|vn|n|w|v|w|n|w|n|n|n|w|a|w|vn|w|vn|n|w|a|n|vn|n|w|n
保管|区域| |货品| |移|到| |订单|拣取| |动|管|拣货|区域| |迁移|作业| |书面|处理,v|n|w|n|w|v|v|w|n|v|w|v|v|vn|n|w|v|n|w|a|vn
保证| |拣货|区| |随时| |有|货|可|拣| |及时| |满足| |客户|订货| |需要| |提高| |拣货|效率,v|w|vn|n|w|d|w|v|n|v|v|w|a|w|v|w|n|v|w|n|w|v|w|vn|n
货物| |储存| |区域,n|w|vn|w|n
拣货|作业| |拣货|区域| |短|时期| |拣取|出货| |货品| |储位| |流动|频率| |很高,vn|n|w|vn|n|w|a|n|w|v|vn|w|n|w|vn|w|vn|n|w|a
整箱|补货| |整|托|补货| |货架|之间| |补货,n|v|w|ad|v|v|w|n|f|w|v
确保| |有|货|可配| |待|配|商品| |放置| |存取| |方便| |位置,v|w|v|n|v|w|v|vn|n|w|v|w|v|w|a|w|n
库存|商品| |数量| |有效|控制| |查清| |商品| |库房| |质量|状况| |定期| |储存|场所| |清点|作业,n|n|w|n|w|ad|v|w|v|w|n|w|n|w|n|n|w|a|w|vn|n|w|n|n
仓库| |不明|物品| |标示| |数量| |生产|计划| |库存|积压| |短缺| |现象| |库房|现场| |物料| |盘点|异常| |漏盘| |多盘| |盘点|环节,n|w|v|n|w|v|w|n|w|vn|n|w|n|vn|w|v|w|n|w|n|s|w|n|w|v|an|w|n|w|m|w|vn|n
实际|库存|数量| |企业|资产| |损益| |盘点|周期| |亏盈|状况| |加强|管理| |存货|水平| |呆滞|物料| |周转|状况| |清除| |理|整|环境| |清除|死角| |整顿|仓库| |物料|存放,a|vn|n|w|n|n|w|n|w|vn|n|w|vn|n|w|v|vn|w|n|n|w|a|n|w|vn|n|w|v|w|v|a|n|w|v|n|w|v|n|w|n|v
帐物|区分| |帐面|存货|盘点| |实物|存货|盘点| |盘点|区域| |全面|盘点| |分类|盘点| |盘点|周期| |定期|盘点| |不定期|盘点,n|v|w|n|n|vn|w|n|n|vn|w|vn|n|w|ad|v|w|vn|vn|w|vn|n|w|d|v|w|vd|v
永续|盘点|法| |存货帐卡| |出|入库|数量| |汇总| |账面库存结余数| |电脑|或|账册| |出|入库|信息| |库存|结余|量,vn|vn|n|w|nz|w|v|vn|n|w|vn|w|nz|w|n|c|n|w|v|vn|n|w|n|n|n
现货|盘点| |仓库|实地| |清点|调查| |物资| |库存|数| |货品|单价| |计算| |实际|库存|金额| |方法,n|v|w|n|n|w|v|vn|w|n|w|n|n|w|n|n|w|vn|w|a|vn|n|w|n
存货|管理| |重要性| |分类| |设定| |盘点|期间| |每天| |每周| |少量少种| |盘点| |月末| |期末| |完成| |一次| |周而复始,n|vn|w|n|w|vn|w|vn|w|vn|f|w|TIME|w|TIME|w|m|w|vn|w|TIME|w|t|w|v|w|m|w|v
真实| |准确| |完整| |清楚,a|w|a|w|a|w|a
决策|准备| |人员|准备| |环境|整理| | |盘点|工具|准备| |盘点|前|指导,n|v|w|n|v|w|n|v|w|w|vn|n|v|w|v|f|v
拣取| |分类|完成| |货品| |配货|检查| |装入| |容器| |标示| |发货|准备|区| |装车| |发送,v|w|vn|v|w|n|w|vn|vn|w|v|w|n|w|v|w|vn|vn|n|w|vn|w|v
拣货|作业|完成| |货品| |不同|的|顾客| |配送|路线| |分类| |流通|加工| |集中| |分类| |加工|处理| |送货|要求| |分类|出货| |过程,vn|n|v|w|n|w|a|u|n|w|vn|n|w|vn|w|vn|vn|w|a|w|vn|w|vn|vn|w|vn|n|w|vn|vn|w|n
集中| |客户| |配送|货物| |搭配|装载| |运能| |运力| |工作,v|w|n|w|vn|n|w|v|v|w|n|w|n|w|n
配送|中心| |传统|仓储|作业| |配货|业务| |灵活性| |竞争力| |仓库|利用率| |车辆|配载率| |空置| |闲置,vn|n|w|a|vn|n|w|vn|n|w|n|w|n|w|n|n|w|n|n|w|v|w|v
保证| |分|货| |准确| |快速| |识别| |货物| |流向,v|w|v|n|w|a|w|a|w|v|w|n|w|v
分|货|作业| |人| |订单| |拣|货单| |货架| |集货|设备| |货箱| |托盘| |电脑| |自动化| |辅助|设备,v|n|n|w|n|w|n|w|v|n|w|n|w|vn|n|w|n|w|n|w|n|w|vn|w|vn|n
自动|分类机| |分辨|系统| |分|货,a|n|w|v|n|w|v|n
旋转|货架| |分|货,v|n|w|v|n
人工检查法| |条码检查法| |声音|输入|检查|法| |重量|计算|检查|法,nz|w|nz|w|n|vn|vn|n|w|n|vn|vn|n
运输|包装| |保护|货物| |零散|包装|物品| |整箱|集中|装卸| |成|组化|搬运| |搬运|次数| |货损| |配送|效率,vn|n|w|v|n|w|a|vn|n|w|n|ad|v|w|v|v|v|w|vn|n|w|n|w|vn|n
配送|中心| |存货|客户| |指令| |目的地| |发货|数量| |线路| |待|发货| |物品| |配|车| |装车| |活动,vn|n|w|n|n|w|n|w|n|w|vn|n|w|n|w|v|vn|w|n|w|v|n|w|vn|w|n
货品| |出货|检查| |容器| |标志| |车辆|趟|次| |厂商| |指示| |出货|准备|区| |装车|配送,n|w|vn|vn|w|n|w|n|w|n|q|q|w|n|w|vn|w|vn|vn|n|w|vn|vn
末端|运输| |支线|运输,n|vn|w|n|vn
短距离| |小批量| |高频率,n|w|n|w|n
运输工具| |运输|路线| |设备| |送达| |客户| |物流|活动,n|w|vn|n|w|n|w|v|w|n|w|n|n
满足| |客户|配送| |需要| |减少| |配送|车辆| |减少|配送|车辆|使用,v|w|n|v|w|n|w|v|w|vn|n|w|v|vn|n|v
集中|存储| |合理|库存| |物流|费用| |迂回|运输| |相向|运输| |不|合理|现象| |服务|质量| |扩大|销售,ad|v|w|a|n|w|n|n|w|vd|v|w|v|vn|w|d|a|n|w|vn|n|w|v|vn
动态|原则| |低|运费|原则| |服务|和|竞争|原则| |交通|便利|原则| |统筹|原则,n|n|w|a|n|n|w|vn|c|vn|n|w|n|a|n|w|v|n
设立|时机| |类型| |所有者| |地址| |规模| |设施|设备| |选择| |组织结构| |岗位|设置,v|n|w|n|w|n|w|n|w|n|w|n|n|w|vn|w|n|w|n|vn
功能|流程|设计| |平面|及|设施|布置| |信息系统|规划| |作业|流程|设计| |组织结构| |人员|配置| |进度|计划| |建设|成本,n|n|vn|w|n|c|n|vn|w|n|n|w|vn|n|vn|w|n|w|n|v|w|n|n|w|vn|n
评估| |设计| |实施| |阶段,vn|w|vn|w|vn|w|n
供应|点| |需求|点| |经济|区域| |地址| |配送|中心| |规划|过程,vn|n|w|n|n|w|n|n|w|n|w|vn|n|w|vn|n
战略性原则| |适应性|原则| |因地制宜|原则| |协调性|原则| |经济性|原则,nz|w|n|n|w|vn|n|w|n|n|w|n|n
交通|干线| |地价| |交通| |人力资源| |地理| |气候| |自然|条件,n|n|w|n|w|n|w|n|w|n|w|n|w|n|n
经济|环境|因素| |自然环境|因素| |政策|环境|因素,n|n|n|w|n|n|w|n|n|n
配送|中心| |网络|结构|图,vn|n|w|n|n|n
重心| |位置| |方法| |单|中心|选址,n|w|n|w|n|w|a|n|v
需求量| |物流|节点| |建设|费用| |运营|费用| |运输|距离| |运输|线路,n|w|n|n|w|vn|n|w|vn|n|w|vn|n|w|vn|n
数据| |单一|设施|选址| |方法,n|w|a|n|vn|w|n
可变成本| |选址| |物流|配送|中心| |网点| |资本|成本| |运费| |距离| |线性|变化| |路线| |地址,nz|w|vn|w|n|vn|n|w|n|w|n|n|w|n|w|n|w|n|vn|w|n|w|n
基础|规划|资料| |规划|条件| |作业|功能| |作业|流程| |作业|区域| |布局|规划,n|vn|n|w|vn|n|w|vn|n|w|vn|n|w|n|n|w|n|n
作业|区域| |物流|作业|区域| |辅助|作业|区域| |事务|活动|区域,n|n|w|n|vn|n|w|vn|vn|n|w|n|n|n
退货| |卸货| |点|收| |责任|确认| |良品|处理| |瑕疵|品|处理| |废品|处理,vn|w|v|w|v|v|w|n|v|w|n|vn|w|n|n|v|w|n|vn
物料|搬运| |短|捷| |方便| |交叉| |建筑|模式| |高度| |跨度| |柱距| |空间| |划分| |协调|配置| |储存|区域| |作业|场所| |工作|人员| |安全| |工作|环境,n|v|w|a|a|w|a|w|vn|w|n|n|w|n|w|n|w|n|w|n|w|vn|w|v|vn|w|vn|n|w|vn|n|w|vn|n|w|an|w|vn|n
传递| |物流量| |频繁|程度| |人员|接触| |文件|传递| |物流|相关| |活动|相关| |非|物流|相关,v|w|n|w|a|n|w|n|v|w|n|vn|w|n|v|w|n|v|w|v|n|v
活动|关系| |分析| |区域|位置| |流程|动线| |实体|限制| |修正,n|n|w|v|w|n|n|w|n|n|w|n|vn|w|v
物流量| |相关|程度| |五| |等级| |A| |E| |I| |O| |U,n|w|vn|n|w|m|w|n|w|xc|w|xc|w|xc|w|xc|w|xc
程序性| |组织|管理| |功能| |环境| |相关,n|w|vn|vn|w|n|w|n|w|vn
绩效|考核|系统| |考核| |评估| |环节| |管理,n|vn|n|w|vn|w|vn|w|n|w|vn
业绩| |效绩| |成效| |反映| |活动| |成绩| |成果,n|w|n|w|n|w|v|w|n|w|n|w|n
绩效|计划| |实施| |评价| |绩效|评估| |目标|提升,n|n|w|v|w|vn|w|n|vn|w|n|vn
改善| |绩效| |企业| |战略|目标| |企业管理| |企业文化| |战略| |计划| |组织| |人力资源| |领导| |激励| |统计| |控制,v|w|n|w|n|w|n|n|w|vn|w|n|w|n|w|n|w|n|w|n|w|n|w|vn|w|vn|w|v
绩效|考核| |技术|方法| |指标|体系| |评价|标准| |定量| |定性|对比| |分析| |效益| |客观| |标准| |预测| |管理|控制系统,n|vn|w|n|n|w|n|n|w|vn|n|w|vn|w|vn|vn|w|vn|w|n|w|a|w|n|w|vn|w|vn|n
目标| |运行|结果| |衡量,n|w|vn|n|w|v
配送|中心| |客户|订单| |组织|配送| |劳动|消耗| |劳动|占用| |物流|价值| |对比| |配送|资源,vn|n|w|n|n|w|v|vn|w|vn|vn|w|vn|vn|w|n|n|w|vn|w|vn|n
物流|价值| |事前|计划| |控制| |事后|分析| |评估| |衡量| |配送|系统| |配送|活动| |投入|与|产出| |技术| |方法,n|n|w|t|n|w|vn|w|t|v|w|vn|w|v|w|vn|n|w|vn|n|w|vn|c|vn|w|n|w|n
关键|业绩|指标|法| |KPI| |平衡计分法| |BSC,a|n|n|n|w|nz|w|nz|w|nz
改进| |配送| |程序| |方式| |配送|中心| |空间| |人员| |设施| |物品| |订单| |时间| |成本| |品质| |作业|规划| |措施| |评价| |工作|绩效| |激励|员工| |配送|运作|效率| |服务|水平| |配送|成本| |绩效|评估|报告,v|w|vn|w|n|w|n|w|vn|n|w|n|w|n|w|n|w|n|w|n|w|n|w|n|w|n|w|vn|n|w|n|w|vn|w|n|n|w|v|n|w|vn|vn|n|w|vn|n|w|vn|n|w|n|vn|n
追踪| |目标| |完成|情况| |分析|与|评价| |事前|控制| |可行性| |完成|程度| |配送|目标| |绩效| |监控| |工具| |方法| |资源|素质|与|能力| |企业|发展|战略,v|w|n|w|vn|n|w|vn|c|vn|w|t|v|w|n|w|v|n|w|vn|n|w|n|w|vn|w|n|w|n|w|n|n|c|n|w|n|vn|n
组织|内部|流程| |输入端| |输出端| |设置| |取样| |计算| |分析| |衡量| |流程|绩效| |战略|目标| |工作|目标| |企业|绩效|管理,v|f|n|w|n|w|n|w|v|w|vn|w|vn|w|v|w|v|w|n|n|w|n|n|w|n|n|w|n|n|vn
建立| |明确| |切实|可行| |KPI| |体系,v|w|a|w|ad|v|w|nz|w|n
指标| |反映| |组织| |业绩| |负责人| |努力|程度| |因素| |问题|点| |分析| |改进| |方向,n|w|v|w|n|w|n|w|n|w|a|n|w|n|w|n|n|w|v|w|vn|w|n
人员| |设备| |硬件| |仓储|区| |拣货|区| |收|货|区| |出货|区| |区域|空间| |消防|设施,n|w|n|w|n|w|vn|n|w|vn|n|w|v|n|n|w|vn|n|w|n|n|w|vn|n
空间|利用度| |提高| |单位|土地|面积| |使用|效率,n|n|w|v|w|n|n|n|w|vn|n
货架| |仓储|区| |储存|量| |理|货|场地| |配货| |周转|次数,n|w|vn|n|w|vn|n|w|v|n|n|w|vn|w|vn|n
编制| | |员工| |待遇| |人员| |效率,n|w|w|n|w|n|w|n|w|n
保管| |搬运| |存储| |装卸| |配送| |物流|作业| |活动,v|w|v|w|vn|w|vn|w|vn|w|n|n|w|n
方法| |拟定| |决策|目标| |行动| |目的| |合理| |作业|方式| |正确| |行动|方向,n|w|v|w|vn|n|w|vn|w|n|w|a|w|vn|n|w|a|w|vn|n
时间| |因素| |整体|作业|能力,n|w|n|w|n|vn|n
单位|时间| |收入| |产出|量| |作业|单元|数| |作业|时间|比,n|n|w|n|w|vn|n|w|n|n|n|w|vn|n|v
收|货| |储存|保管| |拣货|配货| |流通|加工| |信息|处理| |配送|作业| |费用| |总和,v|n|w|vn|vn|w|vn|vn|w|vn|vn|w|n|vn|w|vn|n|w|n|w|n
商品| |质量| |质量|指标| |耗损| |缺货| |呆滞品| |维修| |退货| |延迟|交货| |事故| |误差率,n|w|n|w|n|n|w|v|w|v|w|n|w|vn|w|vn|w|v|vn|w|n|w|nz
接收|商品| |装卸|搬运| |码盘| |核对| |商品|数量| |质量| |签单| |书面化,v|n|w|v|v|w|nz|w|vn|w|n|n|w|n|w|vn|w|vn
空间|利用率,n|n
人员|负担| |时间|耗用,n|n|w|n|v
存货| |物品| |保管| |仓库| |空间| |库存|控制| |资金|占用| |保管|成本| |减少| |积压| |过期| |变质| |物品| |物流|活动,n|w|n|w|v|w|n|w|n|w|n|v|w|n|vn|w|vn|n|w|v|w|vn|w|vn|w|v|w|n|w|n|n
衡量| |配送|中心| |存货| |库存|管理|费用,v|w|vn|n|w|n|w|n|vn|n
配送|中心| |货品| |损耗| |资金| |积压| |状况,vn|n|w|n|w|vn|w|n|w|vn|w|n
验收| |把关| |不合格| |货品| |储存| |方法| |设备| |养护|条件| |变质| |有效期| |库存|水平| |滞销品| |积压| |资金| |占用| |库存,vn|w|v|w|a|w|n|w|vn|w|n|w|n|w|vn|n|w|v|w|n|w|vn|n|w|n|w|vn|w|n|w|vn|w|n
实际| |存量| |账面| |品项| |误差| |次数,n|w|n|w|n|w|n|w|n|w|n
专用| |运输|设备| |物品| |地点| |运送| |集货| |分配| |搬运| |中转| |装卸,vn|w|vn|n|w|n|w|n|w|vn|w|vn|w|vn|w|v|w|vn|w|v
运输|主体| |人| |货物| |运输工具| |移动| |经济|目的| |行为,vn|n|w|n|w|n|w|n|w|v|w|n|n|w|n
物流| |功能|要素| |社会|物质|生产| |必要条件| |场所|效用| |第三利润源,n|w|n|n|w|n|n|vn|w|n|w|n|n|w|nz
国民经济| |基础| |马克思| |第四个| |物质|生产|部门,n|w|n|w|PER|w|m|w|n|vn|n
公路|运输| |铁路运输| |水路|运输| |航空运输,n|vn|w|vn|w|n|vn|w|vn
空间|场所| |使用|价值| |效益| |场所| |投入|产出|比,n|n|w|vn|n|w|n|w|n|w|v|vn|n
干线运输| |支线|运输| |二次|运输| |厂内|运输,nz|w|n|vn|w|m|vn|w|s|v
集货运输| |配送|运输,vn|w|v|vn
直达|运输| |中转运输,v|vn|w|nz
运输|线路| |运输|节点| |运输工具| |运输|的|参与者,vn|n|w|vn|n|w|n|w|vn|u|n
拣选| |加工| |包装| |分割| |组配| |按时|送达| |指定|地点| |物流|活动,v|w|vn|w|n|w|vn|w|vn|w|d|v|w|vn|n|w|n|n
仓库|配送| |商店|配送| |配送|中心|配送,n|v|w|n|v|w|vn|n|v
少|品种|大批量|配送| |多|品种|大批量|配送| |成套|配送,a|n|n|v|w|a|n|n|v|w|vd|v
定时|配送| |定量|配送| |定时|定量|配送| |定时定路线|配送| |即时|配送,vd|v|w|vd|v|w|vd|vd|v|w|nz|v|w|d|v
加工|配送| |集疏|配送,vn|vn|w|ad|v
销售|配送| |供应|配送,vn|vn|w|vn|vn
综合|配送| |专业|配送,vd|v|w|n|v
物资| |配套|产品| |直接|运输| |生产|厂商,n|w|vn|n|w|ad|v|w|vn|n
运输|系统| |交叉|输送| |末端|物流| |低|库存| |零库存,vn|n|w|vd|v|w|n|n|w|a|n|w|n
综合|物流|系统| |以|用户|为|中心| |终端|用户| |时效性| |准时性| |客户|多| |批量|小| |不确定性,vn|n|n|w|p|n|v|n|w|n|n|w|n|w|n|w|n|a|w|n|a|w|n
自营|配送| |共同|配送| |第三方|配送| |生产资料|配送| |生活|资料|配送,vn|v|w|ad|v|w|n|v|w|n|vn|w|n|n|v
活动|范围| |功能| |运输|方式| |运输工具,n|n|w|n|w|vn|n|w|n
运输|参与方| |经济|活动| |经济|关系| |劳务|交换| |运输|部门| |经济|关系,vn|n|w|n|n|w|n|n|w|n|vn|w|vn|n|w|n|n
空间性| |时间性| |服务性|市场| |派生|需求| |联合|产品,n|w|n|w|n|n|w|vn|n|w|vn|n
需求方| |供给方| |中介方| |政府方,n|w|n|w|n|w|n
运输|供求|信息| |经济|比例| |社会|生产力,vn|vn|n|w|n|n|w|n|n
铁路|运输|市场| |公路|运输|市场| |航空|运输|市场| |水运|运输|市场,n|vn|n|w|n|vn|n|w|n|vn|n|w|vn|vn|n
短途| |中途| |长途|运输| |地方|运输| |跨区|运输| |国际|运输,a|w|n|w|a|vn|w|n|v|w|vd|v|w|n|vn
市内|运输| |城市|间|运输| |农村|运输| |城乡|运输,s|v|w|n|f|v|w|n|vn|w|n|vn
基本|市场|和|相关|市场,a|n|c|vn|n
垄断|运输| |竞争|运输| |垄断|竞争|运输| |寡头垄断,vn|vn|w|vn|vn|w|vn|vn|vn|w|nz
定期运输| |不定期|运输| |快捷|运输,vn|w|vd|v|w|a|vn
承运人| |旅客| |货物| |运输| |约定|地点| |托运|人| |收|货人| |运输|费用,n|w|n|w|n|w|vn|w|vn|n|w|vn|n|w|v|n|w|vn|n
承运人| |旅客| |托运|人| |收|货人,n|w|n|w|vn|n|w|v|n
标的| |运输|行为| |双务|有偿|合同| |格式|合同,n|w|vn|n|w|n|a|n|w|n|n
客运|合同| |货运|合同,n|n|w|n|n
铁路|运输|合同| |公路|运输|合用| |航空|运输|合同| |水路|运输|合同| |海上|运输|合同| |管道|运输|合同,n|vn|n|w|n|vn|vn|w|n|vn|n|w|n|vn|n|w|s|vn|n|w|n|vn|n
单一|运输|合同| |联合|运输|合同,a|vn|n|w|vn|vn|n
合法|规范| |平等|互利| |协商|一致| |等价|有偿,a|n|w|a|vn|w|v|a|w|n|v
要约| |承诺|接受,n|w|v|v
承诺人| |法律|效力,n|w|n|n
受|要约人| |交易|条件| |国际货物|买卖|合同,v|n|w|vn|n|w|n|vn|n
承运人| |运输| |中止|运输| |返还|货物| |变更|到货|地点| |损失| |赔偿,n|w|vn|w|v|vn|w|v|n|w|v|vn|n|w|n|w|vn
申报| |货运| |手续| |包装|货物| |支付|运费,vn|w|n|w|n|w|vn|n|w|v|n
运费| |逾期|提货| |保管|费| |提|存货物| |拍卖|货物| |提存价款| |留置|权,n|w|v|v|w|vn|n|w|v|n|w|vn|n|w|nz|w|vn|n
调配| |运输工具|和|设备| |安全|运输| |货物| |指定|地点| |通知| |收|货,vn|w|n|c|n|w|an|vn|w|n|w|vn|n|w|n|w|v|n
凭证| |领取|货物| |货物|短|少| |赔偿,n|w|v|n|w|n|a|a|w|v
检验|货物| |及时|提货| |支付|运费,v|n|w|ad|v|w|v|n
保险费| |约定|损失| |赔偿|损失,n|w|vn|n|w|v|n
货物| |保险|标的,n|w|n|n
补偿| |被|保险|货物| |自然灾害| |意外事故| |经济损失| |安全|防损,vn|w|p|n|n|w|n|w|n|w|n|w|an|vn
货物|运输| |水路|货物|运输| |公路|货物|运输| |铁路|货物|运输| |航空|货物|运输| |海洋|货物|运输,n|vn|w|n|n|vn|w|n|n|vn|w|n|n|vn|w|n|n|vn|w|n|n|v
标的| |生产资料| |投保方| |法人| |货主| |发货|人| |托运|人| |承运人| |期限| |一次|航程| |运输|方式| |海洋船舶运输| |陆上|铁路| |公路|运输| |航空运输,n|w|n|w|n|w|n|w|n|w|vn|n|w|vn|n|w|n|w|n|w|m|n|w|vn|n|w|nz|w|s|n|w|n|vn|w|vn
国内|货物|运输|保险|合同| |涉外|海洋|（|陆上| |航空|）|货物|运输|保险|合同,s|n|vn|n|n|w|vn|n|w|s|w|n|w|n|vn|n|n
航空|货物|运输|保险|合同| |陆上|货物|运输|保险|合同| |水上|货物|运输|保险|合同| |邮包|保险|合同| |联合|运输|货物|保险|合同,n|n|vn|n|n|w|s|n|vn|n|n|w|s|n|vn|n|n|w|vn|n|n|w|vd|v|n|n|n
国内|水路|物流|运输|保险| |国内|陆路|物流|运输|保险| |国内|航空|物流|运输|保险| |集装箱|保险| |邮包险,s|n|n|vn|n|w|s|n|n|vn|n|w|s|n|n|vn|n|w|n|n|w|nz
签发| |保险|凭证,v|w|n|n
检验|受损|货物| |索赔|手续| |保险|的|赔偿|处理| |计算|赔偿| |漏洞,v|v|n|w|vn|n|w|n|u|vn|vn|w|vn|vn|w|n
受损|货物| |拍照| |取证| |出险|地点| |出险|时间| |出险|经过| |出险|原因| |保险|责任|范围| |清点| |损失|范围| |损失|数量| |损失|程度| |检验|报告| |鉴定,v|n|w|vn|w|vn|w|vn|n|w|vn|n|w|v|v|w|vn|n|w|n|n|n|w|vn|w|vn|n|w|vn|n|w|vn|n|w|vn|n|w|vn
出险|通知书| |书面|通知| |共同|检验| |货损| |有效|单证| |权益|转让|书| |索赔|期限,vn|n|w|a|n|w|ad|v|w|n|w|a|n|w|n|vn|n|w|vn|n
优点| |门|到|门| |近距离|运送| |包装| |缺点| |运量|少| |交通事故| |频繁,n|w|n|v|n|w|n|v|w|n|w|n|w|vn|a|w|n|w|a
优点| |安全| |运输|网| |一次| |有效|运输| |气候| |缺点| |灵活性|差| |短途|运输,n|w|an|w|vn|n|w|m|w|a|vn|w|n|w|n|w|n|a|w|a|vn
优点| |长距离|运输| |运量|大| |运费|低| |缺点| |速度|慢| |易|受|天气|影响,n|w|n|vn|w|n|a|w|n|a|w|n|w|n|a|w|ad|v|n|vn
优点| |速度快| |缺点| |费用|高| |重量|限制,n|w|a|w|n|w|n|a|w|n|vn
优点| |运费|低| |可靠性|高| |持续|性长| |缺点| |产品|单一| |大量|运输,n|w|n|a|w|n|a|w|vn|n|w|n|w|n|a|w|ad|v
两种| |两种|以上| |运输|方式,m|w|m|f|w|vn|n
货物|种类| |商品|性质| |运输|距离| |运输|价格| |运输|时间| |运输|安全性| |运输|便利性| |批量|适应性,n|n|w|n|n|w|vn|n|w|vn|n|w|vn|n|w|vn|n|w|vn|n|w|n|n
安全性|原则| |及时性原则| |准确性|原则,n|n|w|nz|w|n|n
运输|方式| |物流|合理化| |运输|时间| |运输|费用,vn|n|w|n|vn|w|vn|n|w|vn|n
反映| |客观|事物| |鉴别| |符号| |基本|表达,v|w|a|n|w|vn|w|n|w|a|vn
数据| |加工|过程,n|w|vn|n
决策| |行动| |有价值| |数据,n|w|vn|w|v|w|n
客观性| |传递性| |时效性| |价值性| |不|对称性| |共享性,n|w|n|w|n|w|n|w|d|n|w|n
研究| |企业|自身|目标| |战略,vn|w|n|r|n|w|n
日常|业务| |进货| |出|入库| |统计|数据|汇总| |台帐|报表| |决策,a|n|w|vn|w|v|vn|w|vn|n|vn|w|n|n|w|vn
物流|活动| |知识| |资料| |图像| |数据| |文件,n|n|w|n|w|n|w|n|w|n|w|n
物流|系统|内|信息| |物流|系统|外|信息,n|n|f|n|w|n|n|f|n
计划|信息| |控制|及|作业|信息| |统计|信息| |支持|信息,n|n|w|vn|c|n|n|w|vn|n|w|v|n
操作|管理|信息| |知识|管理|信息| |战术|管理|信息| |战略|管理|信息,vn|vn|n|w|n|vn|n|w|n|vn|n|w|n|vn|n
运输|信息| |仓储|信息| |装卸|信息,vn|n|w|vn|n|w|vn|n
标准性| |分布性| |复杂性| |动态性,n|w|n|w|n|w|n
信息流| |商流| |物流,n|w|n|w|n
信息流| |商流| |物流| |资金流,n|w|n|w|n|w|n
信息| |收集| |传递| |处理| |储存| |检索| |分析| |渠道| |过程,n|w|vn|w|vn|w|vn|w|vn|w|vn|w|vn|w|n|w|n
获取| |传递| |处理| |再生| |利用|信息| |技术| |拓展| |处理|信息|能力,v|w|vn|w|vn|w|v|w|v|n|w|n|w|v|w|vn|n|n
传感|技术| |计算机|技术| |通信|技术| |网络|技术,vn|n|w|n|n|w|vn|n|w|n|n
信息|识别| |信息|提取| |信息|检测,n|vn|w|n|vn|w|n|vn
文字|识别| |语音识别| |图形|识别,n|v|w|nz|w|n|v
信息| |快速| |可靠| |安全| |转移,n|w|a|w|a|w|an|w|v
信息| |编码| |压缩| |加密,n|w|n|w|vn|w|v
信息| |处理| |新|的| |更|深|层次| |决策|信息,n|w|vn|w|a|u|w|d|a|n|w|vn|n
信息|过程| |最后|环节| |控制|技术| |显示|技术,n|n|w|a|n|w|vn|n|w|v|n
数字化| |自动化,vn|w|vn
加工|处理|信息| |硬件| |软件| |方法| |过程| |人员|组成| |人机|集成,vn|vn|n|w|n|w|n|w|n|w|n|w|n|v|w|n|v
物流|领域| |信息技术| |计算机| |网络|通信|技术|平台,n|n|w|n|w|n|w|n|vn|n|n
信息化| |网络化| |自动化| |智能化| |柔性化| |标准化,vn|w|vn|w|vn|w|vn|w|vn|w|vn
制作|简单| |信息|采集| |速度快| |采集|量|大| |可靠性|高| |灵活|实用| |自由度|大| |成本低,v|a|w|n|vn|w|a|w|vn|n|a|w|n|a|w|a|a|w|n|a|w|a
硬件| |软件| |数据库|与|数据|仓库| |人员,n|w|n|w|n|c|n|n|w|n
进货|管理|系统| |销售|管理|系统| |库存|管理|系统,vn|vn|n|w|vn|vn|n|w|n|vn|n
仓库|管理|系统| |出库|作业|系统| |配送|管理|系统| |运输|管理|系统,n|vn|n|w|v|vn|n|w|vn|vn|n|w|vn|vn|n
操作型|系统| |决策型|系统,a|n|w|a|n
单机|系统| |计算机|网络|系统,n|n|w|n|n|n
条码|缺失| |EDI|应用| |网络|技术| |物流|软件|使用| |企业|规模| |信息化|应用,n|v|w|nz|vn|w|n|n|w|n|n|v|w|n|n|w|vn|vn
业务|流程|重组| |现代|物流|信息技术| |控制|和|集成| |企业|物流|活动| |信息| |信息|资源|共享| |有效|利用| |经济效益| |核心竞争力,n|n|v|w|t|n|n|w|vn|c|vn|w|n|n|n|w|n|w|n|n|vn|w|ad|v|w|n|w|ORG
物流| |大|系统| |内部|设施| |机械|装备| |技术|标准| |包装| |装饰| |运输| |配送| |管理|标准| |物流|信息| |标准化|体系,n|w|a|n|w|f|n|w|n|n|w|n|n|w|n|w|vn|w|vn|w|vn|w|vn|n|w|n|n|w|vn|n
技术|标准| |工作|标准| |作业|标准,n|n|w|vn|n|w|vn|n
识别装置| |被|识别|物品| |识别|装置| |计算机|处理|系统,nz|w|p|v|n|w|vn|n|w|n|vn|n
生理|特征| |行为|特征| |身份|认定| |指纹|识别| |虹膜识别技术,n|n|w|n|n|w|n|v|w|n|v|w|nz
电磁理论| |非接触式| |自动|识别|技术,nz|w|a|w|ad|v|n
物理学| |磁力学| |磁条| |信息| |读卡器,n|w|n|w|n|w|n|w|n
图像|信息| |获取| |传输| |存储| |变换| |显示| |理解| |综合利用,n|n|w|v|w|vn|w|vn|w|vn|w|v|w|v|w|vn
机器识|读|语言| |规则|排列| |条| |空| |字符| |标记| |信息,n|v|n|w|n|v|w|n|w|a|w|n|w|n|w|n
标识|物品| |有序| |符号| |鉴别|功能,n|n|w|an|w|n|w|vn|n
条码|符号| |类型| |编码|规则| |条| |空,n|n|w|n|w|vn|n|w|n|w|a
条码|符号| |字母| |数字| |符号| |集合,n|n|w|n|w|n|w|n|w|v
条码|字符| |间隔,n|n|w|n
左侧| |右侧| |扫描| |被|识别| |特性,f|w|f|w|vn|w|p|v|w|n
条码|字符|个|数| |固定,n|n|q|n|w|v
条码|字符|个|数| |不|固定,n|n|q|n|w|d|a
单位|长度|条码| |条码|字符| |个|数,n|n|n|w|n|n|w|q|n
两侧|空白|区| |起始|字符| |数据|字符| |校验字符| |终止|字符| |识读|字符,f|n|n|w|vn|n|w|n|n|w|nz|w|v|n|w|v|n
条形码| |信息| |扫描| |信号|整形| |译码,n|w|n|w|vn|w|n|vn|w|n
读取| |条码| |信息| |阅读|设备| |光学|原理| |解码| |传输| |设备,v|w|n|w|n|w|vn|n|w|n|n|w|v|w|vn|w|n
信息|密度|高| |信息|容量|大| |错误|校验| |纠错|能力| |纠错|级别,n|n|a|w|n|n|a|w|a|vn|w|vn|n|w|vn|n
信息|密度|低| |信息|容量|小| |校验字符| |错误|校验| |错|纠|能力,n|n|a|w|n|n|a|w|nz|w|a|vn|w|ad|v|n
一维|条码| |实际|应用|需求,m|n|w|a|vn|n
非|接触| |自动|识别|技术| |射频信号| |空间|耦合| |传输|特性| |自动|识别,d|v|w|ad|v|n|w|nz|w|n|v|w|vn|n|w|ad|v
唯一性| |非接触性| |同时性| |无|方向性| |抗干扰|性能|好| |数据|容量|大| |保密|性能|好,n|w|n|w|n|w|v|n|w|vn|n|a|w|n|n|a|w|vn|n|a
体积|小| |成本低| |储存|大量|数据,n|a|w|a|w|v|a|n
信号|发射机| |信号|接收机| |发射|接收|天线,n|n|w|n|n|w|v|v|n
线圈| |天线| |存储器| |控制系统,n|w|n|w|n|w|n
主动式|标签| |被动式|标签| |半|被动式|标签| |只读|标签| |读写|标签| |无源|标签| |有源|标签| |标识|标签| |便携式|数据|文件,a|n|w|a|n|w|m|a|n|w|v|n|w|v|n|w|v|n|w|v|n|w|n|n|w|a|n|n
体积|小| |重量轻| |成本低| |寿命|长| |10年以上| |免|维护| |薄片| |挂|扣| |环境,n|a|w|a|w|a|w|n|a|w|TIME|w|v|vn|w|n|w|v|v|w|n
作用|距离|远,n|n|a
空间|卫星|星座|（|通信卫星|）| |地面|控制|部分| |信号|接收机| |导航| |定位,n|n|n|w|n|w|w|n|vn|n|w|n|n|w|vn|w|v
GPS| |伽利略| |格洛纳斯| |北斗|卫星导航|系统,nz|w|PER|w|nz|w|nz|vn|n
GPS| |成熟| |伽利略| |精准| | |格洛纳斯| |抗干扰|能力|强| |北斗|卫星导航|系统| |互动性| |开放性|高,nz|w|a|w|PER|w|a|w|w|nr|w|vn|n|a|w|nz|vn|n|w|n|w|n|a
跟踪|车辆| |船舶| |信息|传递|和|查询| |及时|报警,v|n|w|n|w|n|vn|c|vn|w|ad|v
高精度| |全天|候| |高效率| |多功能| |操作|简便| |应用|广泛,n|w|TIME|v|w|n|w|n|w|vn|a|w|vn|a
空间|部分| |地面|控制|部分| |用户|部分,n|n|w|n|vn|n|w|n|n
21| |工作|卫星| |3| |备用|卫星| |（|21|＋|3|）| |GPS|星座,m|w|n|n|w|m|w|vn|n|w|w|m|w|m|w|w|nz|n
主控站| |监控|站| |数据|注入|站,nz|w|vn|n|w|n|vn|n
测量| |已知|位置| |卫星| |用户|接收机| |距离| |多|颗|卫星| |数据| |接收机,v|w|vn|n|w|n|w|n|n|w|n|w|a|q|n|w|n|w|n
导航式|接收机| |测|地型|接收机| |授时型|接收机,a|n|w|v|a|n|w|a|n
单频接收机| |双频接受机,nz|w|nz
多|通道|接收机| |序贯|通道|接收机| |多路|多|用|通道|接收机,a|n|n|w|vn|n|n|w|n|d|p|n|n
互联网| |GPS|技术| |互联网|界面| |GPS|动态|跟踪|信息| |监控|动态| |调度,n|w|n|n|w|n|n|w|nz|n|vn|n|w|vn|n|w|v
网上|服务|平台| |用户端|设备| |车载|终端|设备,s|vn|n|w|n|n|w|vn|n|n
功能|多| |精度高| |覆盖|广| |定位|速度快| |信息|传输| |保密性|高,n|a|w|a|w|v|a|w|vn|a|w|n|vn|w|n|a
车辆|跟踪| |出行|路线|规划| |导航| |信息|查询| |话务|指挥| |紧急|援助,n|v|w|vn|n|n|w|vn|w|n|vn|w|n|vn|w|a|vn
网上|发布| |目标|跟踪| |轨迹|回放| |车辆|数据库| |控制|功能| |图|上|信息,s|v|w|n|v|w|n|v|w|n|n|w|vn|n|w|n|f|n
客观性| |适用性| |可|传输性| |共享性,n|w|n|w|v|n|w|n
空间|地理|分布| |信息| |地理|现象| |地理|过程| |客观|表示,n|n|vn|w|n|w|n|n|w|n|n|w|ad|v
地域性| |多维性| |动态性,n|w|n|w|n
地球|表面| |要素| |物质|（|地理|实体|）| |数量| |质量| |分布|特征| |联系| |规律|信息|数字| |文字| |图像| |图形| |声音| |符号,n|n|w|n|w|n|w|n|n|w|w|n|w|n|w|vn|n|w|vn|w|n|n|n|w|n|w|n|w|n|w|n|w|n
空间|数据| |属性|数据| |时间|数据,n|n|w|n|n|w|n|n
数据| |记录| |操作,n|w|n|w|vn
辅助|决策|方案| |交互式| |计算机|系统,v|vn|n|w|a|w|n|n
GIS| |地理|数据库| |计算机| |硬件|系统| |软件|系统| |地球|表层|空间| |地理|分布|数据| |采集| |储存| |管理| |运算| |分析| |显示| |描述| |地理|模型|分析| |地理|数据| |地理|研究| |地理|决策,nz|w|n|n|w|n|w|n|n|w|n|n|w|n|n|n|w|n|vn|n|w|vn|w|vn|w|vn|w|vn|w|vn|w|v|w|vn|w|n|n|vn|w|n|n|w|n|vn|w|n|vn
全球性| |区域性| |局部性,n|w|n|w|n
综合性| |专题性,n|w|n
表|格型|数据| |地理|图形| |显示| |浏览| |操作| |分析,n|n|n|w|n|n|w|v|w|v|w|vn|w|vn
采集| |存储| |查询| |分析| |显示| |输出,vn|w|vn|w|vn|w|vn|w|v|w|vn
空间|物体| |地理|分布|数据| |属性,n|n|w|n|vn|n|w|n
空间|定位|特征| |空间|关系|处理| |复杂性| |海量数据|管理,n|vn|n|w|n|n|v|w|n|w|ORG|vn
计算机| |硬件|系统| |软件|系统| |地理空间数据| |系统|管理| |操作|人员,n|w|n|n|w|n|n|w|nz|w|n|vn|w|vn|n
图形| |制图|特征| |地球|表面|空间|位置| |参照,n|w|v|n|w|n|n|n|n|w|v
数据|输入| |数据|编辑| |数据|存储|与|管理| |空间|查询|与|空间|分析| |可视化|表达|与|输出,n|vn|w|n|n|w|n|vn|c|vn|w|n|vn|c|n|vn|w|vn|vn|c|vn
属性|编辑| |图形|编辑,n|n|w|n|n
方格| |模拟| |实体,PER|w|vn|w|n
货物|运输| |需求量|计划| |运输|需要| |计划期| |货运量| |货物|周转量,n|vn|w|n|n|w|vn|n|w|n|w|n|w|n|n
市场调查|与|预测| |指令性|计划| |运输|合同| |企业|生产能力,vn|c|vn|w|n|n|w|vn|n|w|n|n
计划期| |运输|能力|计划| |货运|车辆| |有效|利用| |运力| |计划|运输|量,n|w|vn|n|n|w|n|n|w|ad|v|w|n|w|n|vn|n
车辆|数值| |车辆|数| |吨位数| |车辆|增减|时间| |季中,n|n|w|n|n|w|n|w|n|vn|n|w|n
计划期| |车辆|运输|生产|能力| |利用|程度| |车辆|运用|效率|指标| |水平,n|w|n|vn|vn|n|w|v|n|w|n|vn|n|n|w|n
运输|量| |车辆|计划| |平衡| |运力| |运量| |车辆|运用|效率|指标|值,vn|n|w|n|n|w|an|w|n|w|vn|w|n|vn|n|n|n
需要| |运输工作量| |车辆|运用|效率|指标| |水平,n|w|n|w|n|vn|n|n|w|n
企业|运输|生产|计划| |具体|运输|过程| |生产|调度|部门,n|v|vn|n|w|a|vn|n|w|vn|vn|n
车辆|运用|效率|指标| |货源|调查| |托运|计划| |道路通阻| |天气|预报| |车辆|保养|修理| |计划期| |出车|能力| | |驾乘|人员|配备| | |货物|装卸|能力,n|vn|n|n|w|n|vn|w|vn|n|w|nz|w|n|vn|w|n|vn|vn|w|n|w|vn|n|w|w|vn|n|v|w|w|n|vn|n
货运|任务| |货运|订单,n|n|w|n|n
运输|任务| |时间| |沟通| |协调,vn|n|w|n|w|vn|w|v
准备|工作| |装载|工作| |运送|工作| |卸载|工作,vn|n|w|vn|n|w|vn|n|w|vn|n
准备| |装载| |运送| |卸载| |完整|循环| |运输|过程| |整车|运输,v|w|vn|w|vn|w|vn|w|ad|v|w|vn|n|w|n|vn
始点| |终点| |部分|货物| |装卸| |停歇| |零担|货运,vn|w|n|w|n|n|w|vn|w|v|w|n|n
周期性,n
运输|网络| |合理|配置| |运输|方式| |运行|效率| |共同|运输| |现代|运输|方法| |多式|联运| |托盘化| |集装箱| |散装化| |智能化| |门|到|门|运输,vn|n|w|ad|v|w|vn|n|w|vn|n|w|ad|v|w|t|vn|n|w|a|vn|w|vn|w|n|w|vn|w|vn|w|n|v|n|v
物流| |货物|流动| |数量| |方向,n|w|n|v|w|n|w|n
装备|齐全| |装满|货物| |重量,n|a|w|v|n|w|n
装备|完整| |装载|货物| |空|车|质量,n|a|w|v|n|w|a|n|n
汽车| |总|质量| |汽车|整备|质量| |总|质量| |有效|装载|能力,n|w|a|n|w|n|vn|n|w|a|n|w|a|vn|n
负荷| |车轴| |载荷,n|w|n|w|n
运输|服务| |提供者| |需求者| |交换,vn|vn|w|n|w|n|w|vn
市场| |非|固定性| |市场|需求| |多样性| |市场|供给| |分散性| |不|平衡性,n|w|v|n|w|n|n|w|n|w|n|vn|w|n|w|d|n
货物|运输| |专业| |汽车承运人| |汽车|货物|运输|合同| |运输|外包,n|vn|w|n|w|nz|w|n|n|vn|n|w|vn|n
安排| |实施| |汽车|货|运输|计划,vn|w|v|w|n|n|vn|n
客户| |货运|任务| |任务| |人员| |指派| |车辆| |装货| |货物|安全| |及时|送达,n|w|n|n|w|n|w|n|w|vn|w|n|w|vn|w|n|an|w|ad|v
满足| |客观|要求| |运输工作| |运输|能力| |运输|效率| |运输|成本| |经济效益,v|w|a|n|w|n|w|vn|n|w|vn|n|w|vn|n|w|n
连续性| |协调性| |均衡性,n|w|n|w|n
组织|货物|运输| |监督|检查| |信息|资料| |运输|单证| |数据,v|n|vn|w|vn|vn|w|n|n|w|vn|n|w|n
自有|运力| |外部|运力,a|n|w|f|n
装货|点| |卸货|点| |线路|安排| |路线|选择,vn|n|w|vn|n|w|n|vn|w|n|vn
车辆|品牌| |车辆|吨位| |车辆|容积| |车况| |货箱|形式| |综合|因素,n|n|w|n|n|w|n|n|w|n|w|n|n|w|vn|n
货物|运单| |重量|或|容积| |一|车| |整车|运输,n|n|w|n|c|n|w|m|n|w|n|vn
一般|货物|运输| |快件运输| |特|快|专运,ad|n|vn|w|nz|w|d|a|vn
运送|速度| |常规|运送,vn|n|w|n|v
托运|人|要求| |即|托|即|运| |约定|时间,vn|n|n|w|v|v|d|v|w|vn|n
公路|零担| |铁路|零担| |航空|零担,n|n|w|n|n|w|n|n
零担|货运|网络| |仓储|设施|建设| |装卸|力量| |零担|货物|联运,n|n|n|w|vn|n|vn|w|vn|n|w|n|n|vn
托运|人|填写| |运输|合同|证明,vn|n|v|w|vn|n|n
飞机| |飞行器| |运输,n|w|n|w|vn
拣选| |加工| |包装| |分割| |组配| |按时|送达| |指定|地点| |物流|活动,v|w|vn|w|n|w|vn|w|vn|w|d|v|w|vn|n|w|n|n
仓库|配送| |商店|配送| |配送|中心|配送,n|v|w|n|v|w|vn|n|v
少|品种|大批量|配送| |多|品种|大批量|配送| |成套|配送,a|n|n|v|w|a|n|n|v|w|vd|v
定时|配送| |定量|配送| |定时|定量|配送| |定时定路线|配送| |即时|配送,vd|v|w|vd|v|w|vd|vd|v|w|nz|v|w|d|v
加工|配送| |集疏|配送,vn|vn|w|ad|v
销售|配送| |供应|配送,vn|vn|w|vn|vn
综合|配送| |专业|配送,vd|v|w|n|v
物资| |配套|产品| |直接|运输| |生产|厂商,n|w|vn|n|w|ad|v|w|vn|n
运输|系统| |交叉|输送| |末端|物流| |低|库存| |零库存,vn|n|w|vd|v|w|n|n|w|a|n|w|n
综合|物流|系统| |以|用户|为|中心| |终端|用户| |时效性| |准时性| |客户|多| |批量|小| |不确定性,vn|n|n|w|p|n|v|n|w|n|n|w|n|w|n|w|n|a|w|n|a|w|n
自营|配送| |共同|配送| |第三方|配送| |生产资料|配送| |生活|资料|配送,vn|v|w|ad|v|w|n|v|w|n|vn|w|n|n|v
活动|范围| |功能| |运输|方式| |运输工具,n|n|w|n|w|vn|n|w|n
运输|参与方| |经济|活动| |经济|关系| |劳务|交换| |运输|部门| |经济|关系,vn|n|w|n|n|w|n|n|w|n|vn|w|vn|n|w|n|n
空间性| |时间性| |服务性|市场| |派生|需求| |联合|产品,n|w|n|w|n|n|w|vn|n|w|vn|n
需求方| |供给方| |中介方| |政府方,n|w|n|w|n|w|n
运输|供求|信息| |经济|比例| |社会|生产力,vn|vn|n|w|n|n|w|n|n
铁路|运输|市场| |公路|运输|市场| |航空|运输|市场| |水运|运输|市场,n|vn|n|w|n|vn|n|w|n|vn|n|w|vn|vn|n
短途| |中途| |长途|运输| |地方|运输| |跨区|运输| |国际|运输,a|w|n|w|a|vn|w|n|v|w|vd|v|w|n|vn
市内|运输| |城市|间|运输| |农村|运输| |城乡|运输,s|v|w|n|f|v|w|n|vn|w|n|vn
基本|市场|和|相关|市场,a|n|c|vn|n
垄断|运输| |竞争|运输| |垄断|竞争|运输| |寡头垄断,vn|vn|w|vn|vn|w|vn|vn|vn|w|nz
定期运输| |不定期|运输| |快捷|运输,vn|w|vd|v|w|a|vn
承运人| |旅客| |货物| |运输| |约定|地点| |托运|人| |收|货人| |运输|费用,n|w|n|w|n|w|vn|w|vn|n|w|vn|n|w|v|n|w|vn|n
承运人| |旅客| |托运|人| |收|货人,n|w|n|w|vn|n|w|v|n
标的| |运输|行为| |双务|有偿|合同| |格式|合同,n|w|vn|n|w|n|a|n|w|n|n
客运|合同| |货运|合同,n|n|w|n|n
铁路|运输|合同| |公路|运输|合用| |航空|运输|合同| |水路|运输|合同| |海上|运输|合同| |管道|运输|合同,n|vn|n|w|n|vn|vn|w|n|vn|n|w|n|vn|n|w|s|vn|n|w|n|vn|n
单一|运输|合同| |联合|运输|合同,a|vn|n|w|vn|vn|n
合法|规范| |平等|互利| |协商|一致| |等价|有偿,a|n|w|a|vn|w|v|a|w|n|v
要约| |承诺|接受,n|w|v|v
承诺人| |法律|效力,n|w|n|n
受|要约人| |交易|条件| |国际货物|买卖|合同,v|n|w|vn|n|w|n|vn|n
承运人| |运输| |中止|运输| |返还|货物| |变更|到货|地点| |损失| |赔偿,n|w|vn|w|v|vn|w|v|n|w|v|vn|n|w|n|w|vn
申报| |货运| |手续| |包装|货物| |支付|运费,vn|w|n|w|n|w|vn|n|w|v|n
运费| |逾期|提货| |保管|费| |提|存货物| |拍卖|货物| |提存价款| |留置|权,n|w|v|v|w|vn|n|w|v|n|w|vn|n|w|nz|w|vn|n
调配| |运输工具|和|设备| |安全|运输| |货物| |指定|地点| |通知| |收|货,vn|w|n|c|n|w|an|vn|w|n|w|vn|n|w|n|w|v|n
凭证| |领取|货物| |货物|短|少| |赔偿,n|w|v|n|w|n|a|a|w|v
检验|货物| |及时|提货| |支付|运费,v|n|w|ad|v|w|v|n
保险费| |约定|损失| |赔偿|损失,n|w|vn|n|w|v|n
货物| |保险|标的,n|w|n|n
补偿| |被|保险|货物| |自然灾害| |意外事故| |经济损失| |安全|防损,vn|w|p|n|n|w|n|w|n|w|n|w|an|vn
货物|运输| |水路|货物|运输| |公路|货物|运输| |铁路|货物|运输| |航空|货物|运输| |海洋|货物|运输,n|vn|w|n|n|vn|w|n|n|vn|w|n|n|vn|w|n|n|vn|w|n|n|v
标的| |生产资料| |投保方| |法人| |货主| |发货|人| |托运|人| |承运人| |期限| |一次|航程| |运输|方式| |海洋船舶运输| |陆上|铁路| |公路|运输| |航空运输,n|w|n|w|n|w|n|w|n|w|vn|n|w|vn|n|w|n|w|n|w|m|n|w|vn|n|w|nz|w|s|n|w|n|vn|w|vn
国内|货物|运输|保险|合同| |涉外|海洋|（|陆上| |航空|）|货物|运输|保险|合同,s|n|vn|n|n|w|vn|n|w|s|w|n|w|n|vn|n|n
航空|货物|运输|保险|合同| |陆上|货物|运输|保险|合同| |水上|货物|运输|保险|合同| |邮包|保险|合同| |联合|运输|货物|保险|合同,n|n|vn|n|n|w|s|n|vn|n|n|w|s|n|vn|n|n|w|vn|n|n|w|vd|v|n|n|n
国内|水路|物流|运输|保险| |国内|陆路|物流|运输|保险| |国内|航空|物流|运输|保险| |集装箱|保险| |邮包险,s|n|n|vn|n|w|s|n|n|vn|n|w|s|n|n|vn|n|w|n|n|w|nz
签发| |保险|凭证,v|w|n|n
检验|受损|货物| |索赔|手续| |保险|的|赔偿|处理| |计算|赔偿| |漏洞,v|v|n|w|vn|n|w|n|u|vn|vn|w|vn|vn|w|n
受损|货物| |拍照| |取证| |出险|地点| |出险|时间| |出险|经过| |出险|原因| |保险|责任|范围| |清点| |损失|范围| |损失|数量| |损失|程度| |检验|报告| |鉴定,v|n|w|vn|w|vn|w|vn|n|w|vn|n|w|v|v|w|vn|n|w|n|n|n|w|vn|w|vn|n|w|vn|n|w|vn|n|w|vn|n|w|vn
出险|通知书| |书面|通知| |共同|检验| |货损| |有效|单证| |权益|转让|书| |索赔|期限,vn|n|w|a|n|w|ad|v|w|n|w|a|n|w|n|vn|n|w|vn|n
优点| |门|到|门| |近距离|运送| |包装| |缺点| |运量|少| |交通事故| |频繁,n|w|n|v|n|w|n|v|w|n|w|n|w|vn|a|w|n|w|a
优点| |安全| |运输|网| |一次| |有效|运输| |气候| |缺点| |灵活性|差| |短途|运输,n|w|an|w|vn|n|w|m|w|a|vn|w|n|w|n|w|n|a|w|a|vn
优点| |长距离|运输| |运量|大| |运费|低| |缺点| |速度|慢| |易|受|天气|影响,n|w|n|vn|w|n|a|w|n|a|w|n|w|n|a|w|ad|v|n|vn
优点| |速度快| |缺点| |费用|高| |重量|限制,n|w|a|w|n|w|n|a|w|n|vn
优点| |运费|低| |可靠性|高| |持续|性长| |缺点| |产品|单一| |大量|运输,n|w|n|a|w|n|a|w|vn|n|w|n|w|n|a|w|ad|v
两种| |两种|以上| |运输|方式,m|w|m|f|w|vn|n
货物|种类| |商品|性质| |运输|距离| |运输|价格| |运输|时间| |运输|安全性| |运输|便利性| |批量|适应性,n|n|w|n|n|w|vn|n|w|vn|n|w|vn|n|w|vn|n|w|vn|n|w|n|n
安全性|原则| |及时性原则| |准确性|原则,n|n|w|nz|w|n|n
运输|方式| |物流|合理化| |运输|时间| |运输|费用,vn|n|w|n|vn|w|vn|n|w|vn|n
反映| |客观|事物| |鉴别| |符号| |基本|表达,v|w|a|n|w|vn|w|n|w|a|vn
数据| |加工|过程,n|w|vn|n
决策| |行动| |有价值| |数据,n|w|vn|w|v|w|n
客观性| |传递性| |时效性| |价值性| |不|对称性| |共享性,n|w|n|w|n|w|n|w|d|n|w|n
研究| |企业|自身|目标| |战略,vn|w|n|r|n|w|n
日常|业务| |进货| |出|入库| |统计|数据|汇总| |台帐|报表| |决策,a|n|w|vn|w|v|vn|w|vn|n|vn|w|n|n|w|vn
物流|活动| |知识| |资料| |图像| |数据| |文件,n|n|w|n|w|n|w|n|w|n|w|n
物流|系统|内|信息| |物流|系统|外|信息,n|n|f|n|w|n|n|f|n
计划|信息| |控制|及|作业|信息| |统计|信息| |支持|信息,n|n|w|vn|c|n|n|w|vn|n|w|v|n
操作|管理|信息| |知识|管理|信息| |战术|管理|信息| |战略|管理|信息,vn|vn|n|w|n|vn|n|w|n|vn|n|w|n|vn|n
运输|信息| |仓储|信息| |装卸|信息,vn|n|w|vn|n|w|vn|n
标准性| |分布性| |复杂性| |动态性,n|w|n|w|n|w|n
信息流| |商流| |物流,n|w|n|w|n
信息流| |商流| |物流| |资金流,n|w|n|w|n|w|n
信息| |收集| |传递| |处理| |储存| |检索| |分析| |渠道| |过程,n|w|vn|w|vn|w|vn|w|vn|w|vn|w|vn|w|n|w|n
获取| |传递| |处理| |再生| |利用|信息| |技术| |拓展| |处理|信息|能力,v|w|vn|w|vn|w|v|w|v|n|w|n|w|v|w|vn|n|n
传感|技术| |计算机|技术| |通信|技术| |网络|技术,vn|n|w|n|n|w|vn|n|w|n|n
信息|识别| |信息|提取| |信息|检测,n|vn|w|n|vn|w|n|vn
文字|识别| |语音识别| |图形|识别,n|v|w|nz|w|n|v
信息| |快速| |可靠| |安全| |转移,n|w|a|w|a|w|an|w|v
信息| |编码| |压缩| |加密,n|w|n|w|vn|w|v
信息| |处理| |新|的| |更|深|层次| |决策|信息,n|w|vn|w|a|u|w|d|a|n|w|vn|n
信息|过程| |最后|环节| |控制|技术| |显示|技术,n|n|w|a|n|w|vn|n|w|v|n
数字化| |自动化,vn|w|vn
加工|处理|信息| |硬件| |软件| |方法| |过程| |人员|组成| |人机|集成,vn|vn|n|w|n|w|n|w|n|w|n|w|n|v|w|n|v
物流|领域| |信息技术| |计算机| |网络|通信|技术|平台,n|n|w|n|w|n|w|n|vn|n|n
信息化| |网络化| |自动化| |智能化| |柔性化| |标准化,vn|w|vn|w|vn|w|vn|w|vn|w|vn
制作|简单| |信息|采集| |速度快| |采集|量|大| |可靠性|高| |灵活|实用| |自由度|大| |成本低,v|a|w|n|vn|w|a|w|vn|n|a|w|n|a|w|a|a|w|n|a|w|a
硬件| |软件| |数据库|与|数据|仓库| |人员,n|w|n|w|n|c|n|n|w|n
进货|管理|系统| |销售|管理|系统| |库存|管理|系统,vn|vn|n|w|vn|vn|n|w|n|vn|n
仓库|管理|系统| |出库|作业|系统| |配送|管理|系统| |运输|管理|系统,n|vn|n|w|v|vn|n|w|vn|vn|n|w|vn|vn|n
操作型|系统| |决策型|系统,a|n|w|a|n
单机|系统| |计算机|网络|系统,n|n|w|n|n|n
条码|缺失| |EDI|应用| |网络|技术| |物流|软件|使用| |企业|规模| |信息化|应用,n|v|w|nz|vn|w|n|n|w|n|n|v|w|n|n|w|vn|vn
业务|流程|重组| |现代|物流|信息技术| |控制|和|集成| |企业|物流|活动| |信息| |信息|资源|共享| |有效|利用| |经济效益| |核心竞争力,n|n|v|w|t|n|n|w|vn|c|vn|w|n|n|n|w|n|w|n|n|vn|w|ad|v|w|n|w|ORG
物流| |大|系统| |内部|设施| |机械|装备| |技术|标准| |包装| |装饰| |运输| |配送| |管理|标准| |物流|信息| |标准化|体系,n|w|a|n|w|f|n|w|n|n|w|n|n|w|n|w|vn|w|vn|w|vn|w|vn|n|w|n|n|w|vn|n
技术|标准| |工作|标准| |作业|标准,n|n|w|vn|n|w|vn|n
识别装置| |被|识别|物品| |识别|装置| |计算机|处理|系统,nz|w|p|v|n|w|vn|n|w|n|vn|n
生理|特征| |行为|特征| |身份|认定| |指纹|识别| |虹膜识别技术,n|n|w|n|n|w|n|v|w|n|v|w|nz
电磁理论| |非接触式| |自动|识别|技术,nz|w|a|w|ad|v|n
物理学| |磁力学| |磁条| |信息| |读卡器,n|w|n|w|n|w|n|w|n
图像|信息| |获取| |传输| |存储| |变换| |显示| |理解| |综合利用,n|n|w|v|w|vn|w|vn|w|vn|w|v|w|v|w|vn
机器识|读|语言| |规则|排列| |条| |空| |字符| |标记| |信息,n|v|n|w|n|v|w|n|w|a|w|n|w|n|w|n
标识|物品| |有序| |符号| |鉴别|功能,n|n|w|an|w|n|w|vn|n
条码|符号| |类型| |编码|规则| |条| |空,n|n|w|n|w|vn|n|w|n|w|a
条码|符号| |字母| |数字| |符号| |集合,n|n|w|n|w|n|w|n|w|v
条码|字符| |间隔,n|n|w|n
左侧| |右侧| |扫描| |被|识别| |特性,f|w|f|w|vn|w|p|v|w|n
条码|字符|个|数| |固定,n|n|q|n|w|v
条码|字符|个|数| |不|固定,n|n|q|n|w|d|a
单位|长度|条码| |条码|字符| |个|数,n|n|n|w|n|n|w|q|n
两侧|空白|区| |起始|字符| |数据|字符| |校验字符| |终止|字符| |识读|字符,f|n|n|w|vn|n|w|n|n|w|nz|w|v|n|w|v|n
条形码| |信息| |扫描| |信号|整形| |译码,n|w|n|w|vn|w|n|vn|w|n
读取| |条码| |信息| |阅读|设备| |光学|原理| |解码| |传输| |设备,v|w|n|w|n|w|vn|n|w|n|n|w|v|w|vn|w|n
信息|密度|高| |信息|容量|大| |错误|校验| |纠错|能力| |纠错|级别,n|n|a|w|n|n|a|w|a|vn|w|vn|n|w|vn|n
信息|密度|低| |信息|容量|小| |校验字符| |错误|校验| |错|纠|能力,n|n|a|w|n|n|a|w|nz|w|a|vn|w|ad|v|n
一维|条码| |实际|应用|需求,m|n|w|a|vn|n
非|接触| |自动|识别|技术| |射频信号| |空间|耦合| |传输|特性| |自动|识别,d|v|w|ad|v|n|w|nz|w|n|v|w|vn|n|w|ad|v
唯一性| |非接触性| |同时性| |无|方向性| |抗干扰|性能|好| |数据|容量|大| |保密|性能|好,n|w|n|w|n|w|v|n|w|vn|n|a|w|n|n|a|w|vn|n|a
体积|小| |成本低| |储存|大量|数据,n|a|w|a|w|v|a|n
信号|发射机| |信号|接收机| |发射|接收|天线,n|n|w|n|n|w|v|v|n
线圈| |天线| |存储器| |控制系统,n|w|n|w|n|w|n
主动式|标签| |被动式|标签| |半|被动式|标签| |只读|标签| |读写|标签| |无源|标签| |有源|标签| |标识|标签| |便携式|数据|文件,a|n|w|a|n|w|m|a|n|w|v|n|w|v|n|w|v|n|w|v|n|w|n|n|w|a|n|n
体积|小| |重量轻| |成本低| |寿命|长| |10年以上| |免|维护| |薄片| |挂|扣| |环境,n|a|w|a|w|a|w|n|a|w|TIME|w|v|vn|w|n|w|v|v|w|n
作用|距离|远,n|n|a
空间|卫星|星座|（|通信卫星|）| |地面|控制|部分| |信号|接收机| |导航| |定位,n|n|n|w|n|w|w|n|vn|n|w|n|n|w|vn|w|v
GPS| |伽利略| |格洛纳斯| |北斗|卫星导航|系统,nz|w|PER|w|nz|w|nz|vn|n
GPS| |成熟| |伽利略| |精准| | |格洛纳斯| |抗干扰|能力|强| |北斗|卫星导航|系统| |互动性| |开放性|高,nz|w|a|w|PER|w|a|w|w|nr|w|vn|n|a|w|nz|vn|n|w|n|w|n|a
跟踪|车辆| |船舶| |信息|传递|和|查询| |及时|报警,v|n|w|n|w|n|vn|c|vn|w|ad|v
高精度| |全天|候| |高效率| |多功能| |操作|简便| |应用|广泛,n|w|TIME|v|w|n|w|n|w|vn|a|w|vn|a
空间|部分| |地面|控制|部分| |用户|部分,n|n|w|n|vn|n|w|n|n
21| |工作|卫星| |3| |备用|卫星| |（|21|＋|3|）| |GPS|星座,m|w|n|n|w|m|w|vn|n|w|w|m|w|m|w|w|nz|n
主控站| |监控|站| |数据|注入|站,nz|w|vn|n|w|n|vn|n
测量| |已知|位置| |卫星| |用户|接收机| |距离| |多|颗|卫星| |数据| |接收机,v|w|vn|n|w|n|w|n|n|w|n|w|a|q|n|w|n|w|n
导航式|接收机| |测|地型|接收机| |授时型|接收机,a|n|w|v|a|n|w|a|n
单频接收机| |双频接受机,nz|w|nz
多|通道|接收机| |序贯|通道|接收机| |多路|多|用|通道|接收机,a|n|n|w|vn|n|n|w|n|d|p|n|n
互联网| |GPS|技术| |互联网|界面| |GPS|动态|跟踪|信息| |监控|动态| |调度,n|w|n|n|w|n|n|w|nz|n|vn|n|w|vn|n|w|v
网上|服务|平台| |用户端|设备| |车载|终端|设备,s|vn|n|w|n|n|w|vn|n|n
功能|多| |精度高| |覆盖|广| |定位|速度快| |信息|传输| |保密性|高,n|a|w|a|w|v|a|w|vn|a|w|n|vn|w|n|a
车辆|跟踪| |出行|路线|规划| |导航| |信息|查询| |话务|指挥| |紧急|援助,n|v|w|vn|n|n|w|vn|w|n|vn|w|n|vn|w|a|vn
网上|发布| |目标|跟踪| |轨迹|回放| |车辆|数据库| |控制|功能| |图|上|信息,s|v|w|n|v|w|n|v|w|n|n|w|vn|n|w|n|f|n
客观性| |适用性| |可|传输性| |共享性,n|w|n|w|v|n|w|n
空间|地理|分布| |信息| |地理|现象| |地理|过程| |客观|表示,n|n|vn|w|n|w|n|n|w|n|n|w|ad|v
地域性| |多维性| |动态性,n|w|n|w|n
地球|表面| |要素| |物质|（|地理|实体|）| |数量| |质量| |分布|特征| |联系| |规律|信息|数字| |文字| |图像| |图形| |声音| |符号,n|n|w|n|w|n|w|n|n|w|w|n|w|n|w|vn|n|w|vn|w|n|n|n|w|n|w|n|w|n|w|n|w|n
空间|数据| |属性|数据| |时间|数据,n|n|w|n|n|w|n|n
数据| |记录| |操作,n|w|n|w|vn
辅助|决策|方案| |交互式| |计算机|系统,v|vn|n|w|a|w|n|n
GIS| |地理|数据库| |计算机| |硬件|系统| |软件|系统| |地球|表层|空间| |地理|分布|数据| |采集| |储存| |管理| |运算| |分析| |显示| |描述| |地理|模型|分析| |地理|数据| |地理|研究| |地理|决策,nz|w|n|n|w|n|w|n|n|w|n|n|w|n|n|n|w|n|vn|n|w|vn|w|vn|w|vn|w|vn|w|vn|w|v|w|vn|w|n|n|vn|w|n|n|w|n|vn|w|n|vn
全球性| |区域性| |局部性,n|w|n|w|n
综合性| |专题性,n|w|n
表|格型|数据| |地理|图形| |显示| |浏览| |操作| |分析,n|n|n|w|n|n|w|v|w|v|w|vn|w|vn
采集| |存储| |查询| |分析| |显示| |输出,vn|w|vn|w|vn|w|vn|w|v|w|vn
空间|物体| |地理|分布|数据| |属性,n|n|w|n|vn|n|w|n
空间|定位|特征| |空间|关系|处理| |复杂性| |海量数据|管理,n|vn|n|w|n|n|v|w|n|w|ORG|vn
计算机| |硬件|系统| |软件|系统| |地理空间数据| |系统|管理| |操作|人员,n|w|n|n|w|n|n|w|nz|w|n|vn|w|vn|n
图形| |制图|特征| |地球|表面|空间|位置| |参照,n|w|v|n|w|n|n|n|n|w|v
数据|输入| |数据|编辑| |数据|存储|与|管理| |空间|查询|与|空间|分析| |可视化|表达|与|输出,n|vn|w|n|n|w|n|vn|c|vn|w|n|vn|c|n|vn|w|vn|vn|c|vn
属性|编辑| |图形|编辑,n|n|w|n|n
方格| |模拟| |实体,PER|w|vn|w|n
货物|运输| |需求量|计划| |运输|需要| |计划期| |货运量| |货物|周转量,n|vn|w|n|n|w|vn|n|w|n|w|n|w|n|n
市场调查|与|预测| |指令性|计划| |运输|合同| |企业|生产能力,vn|c|vn|w|n|n|w|vn|n|w|n|n
计划期| |运输|能力|计划| |货运|车辆| |有效|利用| |运力| |计划|运输|量,n|w|vn|n|n|w|n|n|w|ad|v|w|n|w|n|vn|n
车辆|数值| |车辆|数| |吨位数| |车辆|增减|时间| |季中,n|n|w|n|n|w|n|w|n|vn|n|w|n
计划期| |车辆|运输|生产|能力| |利用|程度| |车辆|运用|效率|指标| |水平,n|w|n|vn|vn|n|w|v|n|w|n|vn|n|n|w|n
运输|量| |车辆|计划| |平衡| |运力| |运量| |车辆|运用|效率|指标|值,vn|n|w|n|n|w|an|w|n|w|vn|w|n|vn|n|n|n
需要| |运输工作量| |车辆|运用|效率|指标| |水平,n|w|n|w|n|vn|n|n|w|n
企业|运输|生产|计划| |具体|运输|过程| |生产|调度|部门,n|v|vn|n|w|a|vn|n|w|vn|vn|n
车辆|运用|效率|指标| |货源|调查| |托运|计划| |道路通阻| |天气|预报| |车辆|保养|修理| |计划期| |出车|能力| | |驾乘|人员|配备| | |货物|装卸|能力,n|vn|n|n|w|n|vn|w|vn|n|w|nz|w|n|vn|w|n|vn|vn|w|n|w|vn|n|w|w|vn|n|v|w|w|n|vn|n
货运|任务| |货运|订单,n|n|w|n|n
运输|任务| |时间| |沟通| |协调,vn|n|w|n|w|vn|w|v
准备|工作| |装载|工作| |运送|工作| |卸载|工作,vn|n|w|vn|n|w|vn|n|w|vn|n
准备| |装载| |运送| |卸载| |完整|循环| |运输|过程| |整车|运输,v|w|vn|w|vn|w|vn|w|ad|v|w|vn|n|w|n|vn
始点| |终点| |部分|货物| |装卸| |停歇| |零担|货运,vn|w|n|w|n|n|w|vn|w|v|w|n|n
周期性,n
运输|网络| |合理|配置| |运输|方式| |运行|效率| |共同|运输| |现代|运输|方法| |多式|联运| |托盘化| |集装箱| |散装化| |智能化| |门|到|门|运输,vn|n|w|ad|v|w|vn|n|w|vn|n|w|ad|v|w|t|vn|n|w|a|vn|w|vn|w|n|w|vn|w|vn|w|n|v|n|v
物流| |货物|流动| |数量| |方向,n|w|n|v|w|n|w|n
装备|齐全| |装满|货物| |重量,n|a|w|v|n|w|n
装备|完整| |装载|货物| |空|车|质量,n|a|w|v|n|w|a|n|n
汽车| |总|质量| |汽车|整备|质量| |总|质量| |有效|装载|能力,n|w|a|n|w|n|vn|n|w|a|n|w|a|vn|n
负荷| |车轴| |载荷,n|w|n|w|n
运输|服务| |提供者| |需求者| |交换,vn|vn|w|n|w|n|w|vn
市场| |非|固定性| |市场|需求| |多样性| |市场|供给| |分散性| |不|平衡性,n|w|v|n|w|n|n|w|n|w|n|vn|w|n|w|d|n
货物|运输| |专业| |汽车承运人| |汽车|货物|运输|合同| |运输|外包,n|vn|w|n|w|nz|w|n|n|vn|n|w|vn|n
安排| |实施| |汽车|货|运输|计划,vn|w|v|w|n|n|vn|n
客户| |货运|任务| |任务| |人员| |指派| |车辆| |装货| |货物|安全| |及时|送达,n|w|n|n|w|n|w|n|w|vn|w|n|w|vn|w|n|an|w|ad|v
满足| |客观|要求| |运输工作| |运输|能力| |运输|效率| |运输|成本| |经济效益,v|w|a|n|w|n|w|vn|n|w|vn|n|w|vn|n|w|n
连续性| |协调性| |均衡性,n|w|n|w|n
组织|货物|运输| |监督|检查| |信息|资料| |运输|单证| |数据,v|n|vn|w|vn|vn|w|n|n|w|vn|n|w|n
自有|运力| |外部|运力,a|n|w|f|n
装货|点| |卸货|点| |线路|安排| |路线|选择,vn|n|w|vn|n|w|n|vn|w|n|vn
车辆|品牌| |车辆|吨位| |车辆|容积| |车况| |货箱|形式| |综合|因素,n|n|w|n|n|w|n|n|w|n|w|n|n|w|vn|n
货物|运单| |重量|或|容积| |一|车| |整车|运输,n|n|w|n|c|n|w|m|n|w|n|vn
一般|货物|运输| |快件运输| |特|快|专运,ad|n|vn|w|nz|w|d|a|vn
运送|速度| |常规|运送,vn|n|w|n|v
托运|人|要求| |即|托|即|运| |约定|时间,vn|n|n|w|v|v|d|v|w|vn|n
公路|零担| |铁路|零担| |航空|零担,n|n|w|n|n|w|n|n
零担|货运|网络| |仓储|设施|建设| |装卸|力量| |零担|货物|联运,n|n|n|w|vn|n|vn|w|vn|n|w|n|n|vn
托运|人|填写| |运输|合同|证明,vn|n|v|w|vn|n|n
飞机| |飞行器| |运输,n|w|n|w|vn
许可| |操作| |器械|作业| |设备|作业| |专人|指挥,vn|w|vn|w|n|n|w|n|n|w|n|v
保管|人| |储存| |存货|人| |交付| |仓储物| |支付| |仓储费| |合同,v|n|w|vn|w|n|n|w|v|w|n|w|v|w|n|w|n
合同| |双方| |合意| |成立,n|w|n|w|a|w|v
验收| |项目| |方法| |期限,vn|w|n|w|n|w|n
物品| |验收|资料| |保管|人| |验收|报告,n|w|vn|n|w|v|n|w|vn|n
项目| |方法| |期限,n|w|n|w|n
事故| |大小| |次数| |人身伤亡| |仓库|失火| |爆炸| |被盗| |机械|损坏| |事故,n|w|n|w|n|w|vn|w|n|v|w|vn|w|v|w|n|v|w|n
仓储|企业| |储存|物品|过| |装卸|搬运| |存储|保管| |流通|加工| |收发|物品| |建造| |购置|仓库| |设施|设备| |人力| |物力| |财力| |风险|成本| |总和,vn|n|w|vn|n|u|w|v|v|w|vn|vn|w|vn|vn|w|vn|n|w|v|w|v|n|w|n|n|w|n|w|n|w|n|w|n|n|w|n
物流|成本| |组成|部分| |物流|成本| |高低| |直接影响,n|n|w|vn|n|w|n|n|w|n|w|v
货物|保管| |支出| |仓储|设施| |设备|投资| |仓储|保管|作业| |活|劳动| |物化|劳动| |工资| |能源|消耗,n|v|w|vn|w|vn|n|w|n|vn|w|vn|vn|n|w|a|vn|w|vn|vn|w|n|w|n|vn
材料| |燃料| |动力| |消耗|指标| |储存|费用,n|w|n|w|n|w|vn|n|w|vn|n
货损| |货差率| |设备| |完好率| |保管| |损耗率| |账务| |差异率| |收|发货| |差错率,n|w|nz|w|n|w|n|w|v|w|n|w|n|w|nz|w|v|vn|w|n
物品| |吞吐量| |收|发货|时间| |物品| |验收率| |劳动生产率| |库存|物品| |周转率| |仓库| |作业|效率,n|w|n|w|v|vn|n|w|n|w|n|w|nz|w|vn|n|w|n|w|n|w|vn|n
工资|利润率| |成本|利润率| |资金|利润率| |利润|总额| |收入|利润率| |物品|保管|利润,n|n|w|n|n|w|n|n|w|n|n|w|n|n|w|n|v|n
仓库|货物| |周转率| |单位|面积| |储存|量| |仓库|空间| |利润率| |设备| |利润率,n|n|w|n|w|n|n|w|vn|n|w|n|n|w|n|w|n|w|n
衡量| |仓储|企业| |经营|管理|水平| |管理|质量| |高低| |重要|标志,v|w|vn|n|w|vn|vn|n|w|vn|n|w|n|w|a|n
固定成本| |变动成本,n|w|n
存储| |装卸|搬运|作业| |备货|作业|成本| |人工费用| |包装|作业|成本| |机具|物料| |燃料| |成本|控制| |仓储| |服务|质量| |仓储|成本| |机会|成本| |风险|成本,vn|w|v|vn|n|w|vn|vn|n|w|nz|w|vn|vn|n|w|n|n|w|n|w|n|vn|w|vn|w|vn|n|w|vn|n|w|n|n|w|n|n
装卸|搬运|机具| |物品| |装卸|搬运| |活性化| |可|运性| |重力|作用| |能量|消耗| |装卸|搬运|方式| |装卸|搬运|作业,v|v|n|w|n|w|v|v|w|vn|w|v|n|w|n|n|w|n|vn|w|v|vn|n|w|v|vn|n
备货|作业|方式| |仓储|空间| |备货|成本| |货位管理| |备货|作业|效率,vn|vn|n|w|vn|n|w|vn|n|w|nz|w|vn|vn|n
全面|分拣| |批处理|分拣| |分区|分拣| |分组|分拣,ad|v|w|vn|vn|w|vd|v|w|vd|v
物美价廉| |包装材料| |包装|作业| |机械化| |包装|效率| |大|包装| |简单化| |节约| |包装材料| |原有|包装| |新|标签,a|w|n|w|vn|n|w|vn|w|vn|n|w|a|n|w|v|w|v|w|n|w|vn|n|w|a|n
ERP| |美国| |1990年| |MRP II| |制造业|系统| |资源|计划,nz|w|LOC|w|TIME|w|nz|w|n|n|w|n|n
不|出现| |短缺| |不|积压| |库存| |计划|方法| |ERP|系统| |核心|功能,d|v|w|v|w|d|v|w|n|w|vn|n|w|nz|n|w|n|n
原料| |生产| |销售| |产品结构,n|w|vn|w|vn|w|n
TMS| |供应链| |基于|网络| |操作|软件| |方法| |其他|相关| |操作| |物流| |管理|能力,nz|w|n|w|p|n|w|vn|n|w|n|w|r|v|w|vn|w|n|w|vn|n
调度|管理| |车辆|管理| |配件|管理| |油耗|管理| |费用|结算| |人员|管理| |资源|管理| |财务|核算| |绩效|考核| |车辆|跟踪| |业务|跟踪| |业务|统计| |白卡|管理| |监控|中心|系统| |账单|查询,vn|vn|w|n|vn|w|n|vn|w|n|vn|w|n|vn|w|n|vn|w|n|vn|w|n|vn|w|n|vn|w|n|v|w|n|v|w|n|vn|w|n|vn|w|vn|n|n|w|n|v
供应链|管理| |销售|与|市场| |分销| |客户|服务| |财务|管理| |制造|管理| |库存|管理| |工厂|设备|维护| |人力资源| |报表| |制造|执行|系统| |工作流|服务| |企业|信息系统| |金融|投资|管理| |质量|管理| |运输|管理| |项目|管理| |法规|与|标准| |过程|控制,n|vn|w|vn|c|n|w|vn|w|n|vn|w|n|vn|w|vn|vn|w|vn|vn|w|n|n|vn|w|n|w|n|w|v|vn|n|w|n|vn|w|n|n|w|n|vn|vn|w|n|vn|w|vn|vn|w|n|vn|w|n|c|n|w|n|vn
收|货| |组盘| |注册| |上架,v|n|w|n|w|vn|w|v
仓库|控制系统| |WMS|系统| |PLC|系统| |管理|控制系统,n|n|w|nz|n|w|nz|n|w|vn|n
波次|运算| |补货| |拣选| |复核|包装| |集货| |发货,nr|v|w|v|w|v|w|vn|n|w|vn|w|v
用户| |部门| |货位| |客户|主| |物流|主| |订单|类| |其他,n|w|n|w|n|w|n|n|w|n|n|w|n|n|w|r
规则|排列| |条| |空| |代码| |商品| |特定|信息| |标识,n|v|w|n|w|a|w|n|w|n|w|a|n|w|n
不同|颜色| |物体| |可见光| |波长|不| |光电转换器| |反射|光|信号| |电信|号| |放大| |输出,a|n|w|n|w|n|w|n|d|w|nz|w|vn|n|n|w|n|n|w|v|w|vn
商品|条码| |物流|条码| |二维|条码,n|n|w|n|n|w|m|n
无线电讯号| |微|芯片| |标签|识别| |读写| |相关|数据| |通讯|技术,nz|w|a|n|w|n|vn|w|v|w|vn|n|w|n|n
非|接触|识别| |雪| |雾| |冰| |物体| |条形码| |恶劣|环境| |阅读|标签| |速度快| |保密性|强,d|v|v|w|n|w|n|w|n|w|n|w|n|w|a|n|w|vn|n|w|a|w|n|a
标签| |阅读器| |天线,n|w|n|w|n
货架|格位| |电子|显示|装置| |取代|拣|货单| |物品| |数量| |捡|货|人员| |减少| |寻找|时间,n|n|w|n|vn|n|w|v|v|n|w|n|w|n|w|v|n|n|w|v|w|v|n
操作| |管理|数据库| |大型|软件| |建立| |使用| |维护|数据库| |物流|系统| |库存| |货位| |入|出库|记录| |重要|数据| |DBMS|管理,vn|w|vn|n|w|a|n|w|v|w|vn|w|v|n|w|n|n|w|n|w|n|w|v|vn|n|w|a|n|w|nz|vn
经济|合理| |用户|要求| |物品| |拣选| |加工| |包装| |分割| |组配| |送达| |指定|地点| |物流|活动,n|a|w|n|n|w|n|w|v|w|vn|w|n|w|vn|w|vn|w|v|w|vn|n|w|n|n
集货| |储存| |分拣| |拣选| |配货| |配装| |配送|运输| |送达|服务,vn|w|vn|w|vn|w|v|w|vn|w|vn|w|vn|vn|w|v|vn
分散| |小批量| |物品| |集中| |运输| |配送,v|w|n|w|n|w|v|w|vn|w|v
储备| |暂存| | |配送|储备| |数量|大| |储存| |计划性| |暂存| |分拣|配货| |理|货|场地| |少量| |储存|准备,vn|w|vn|w|w|v|vn|w|n|a|w|vn|w|n|w|vn|w|vn|vn|w|v|n|n|w|m|w|vn|vn
物品| |品种| |出|入库| |先后|顺序| |分门别类| |堆放,n|w|n|w|v|vn|w|d|n|w|v|w|v
订单| |出库单| |储存场| |物品| |指定|地点,n|w|nz|w|n|w|n|w|vn|n
拣选|设备| |传输|装置| |物品| |分拣| |配备|齐全| |指定|发货|地,vn|n|w|vn|n|w|n|w|vn|w|v|a|w|v|v|u
单个|客户| |配送|数量| |运载|负荷| |配送|货物| |搭配|装载| |运能| |运力| |配装,a|n|w|vn|n|w|vn|n|w|vn|n|w|v|v|w|n|w|n|w|v
较|短|距离| |较小|规模| |额度|较高| |运输|形式| |汽车,d|a|n|w|a|n|w|n|a|w|vn|n|w|n
最佳|路线| |配装| |路线| |有效|搭配,a|n|w|vn|w|n|w|ad|v
客户| |订货|信息| |配送|作业| |驱动|源,n|w|vn|n|w|vn|n|w|vn|n
配送|服务| |第一个|环节| |配送|服务|质量| |基础,vn|vn|w|m|n|w|vn|vn|n|w|n
配送|中心| |配送|业务| |客户|订单| |订单| |分拣| |补货| |配货| |送货,vn|n|w|vn|n|w|n|n|w|n|w|vn|w|v|w|vn|w|vn
订货|要求| |配送|中心| |送货|计划| |商品| |储位| |拣取| |分类| |集中| |配装|送货,vn|n|w|vn|n|w|vn|n|w|n|w|vn|w|v|w|vn|w|v|w|v|vn
顺利| |有序| |方便| |商品| |货物| |整理| |订单| |组合,a|w|an|w|a|w|n|w|n|w|vn|w|n|w|vn
拣选|设备| |传输|装置| |货物| |分拣| |配备| |指定|发货|区,vn|n|w|vn|n|w|n|w|vn|w|vn|w|vn|vn|n
单个|客户| |配送|数量| |运载|负荷| |配送|货物| |搭配|装载| |运能| |运力,a|n|w|vn|n|w|vn|n|w|vn|n|w|v|v|w|n|w|n
货物|装车| |实际|配送| |配送|区域| |配送|线路| |先后|次序| |商品| |装车|顺序| |配送|途中| |商品| |跟踪| |控制,n|v|w|ad|v|w|vn|n|w|vn|n|w|d|n|w|n|w|vn|n|w|vn|s|w|n|w|vn|w|v
物品| |生产|领域| |消费|领域| |流通|主体| |流通服务| |销售| |产品|质量| |物流|效率,n|w|vn|n|w|vn|n|w|vn|n|w|vn|w|vn|w|n|n|w|n|n
配送|中心| |客户|需要| |配送|业务| |商品|货源| |商品|存储| |进货| |配送| |基础|环节| |配送|成败| |配送|效益,vn|n|w|n|n|w|vn|n|w|n|n|w|n|vn|w|vn|w|vn|w|n|n|w|vn|n|w|vn|n
顾客|下单| |订单|处理| |拣货| |配货| |配装| |配送| |流通|加工| |进货,n|v|w|n|vn|w|vn|w|vn|w|vn|w|vn|w|vn|vn|w|vn
自营|配送|模式| |共同|配送|模式| |第三方|配送,vn|vn|n|w|ad|v|n|w|n|v
直线制| |职能制| |直线职能制| |矩阵制,nz|w|n|w|nz|w|nz
结构|简单| |权力|集中| |责任|分明| |命令|统一| |联系|简捷| |管理|职能|集中| |部门|协调|差,n|a|w|n|v|w|n|a|w|v|a|w|v|a|w|vn|n|v|w|n|v|a
命令|统一| |职责|明确| |管理|程度|较高| |组织|稳定| |缺乏|交流| |协作|配合| |易|产生|摩擦| |灵敏度|较|低| |运作|效率|低,n|a|w|n|a|w|vn|n|a|w|v|an|w|v|vn|w|vn|vn|w|ad|v|vn|w|n|d|a|w|vn|n|a
单向|领导| |加强|配合| |提高|效率| |积极性| |创造性| |管理|水平| |机动性| |灵活性,a|n|w|v|vn|w|v|n|w|n|w|n|w|vn|n|w|n|w|n
成员|不|固定| |临时|观念| |双重|领导| |不易|分|清|责任,n|d|a|w|a|n|w|a|n|w|ad|v|a|n
客户|订单| |拣货| |作业|阶段| |订单|确认| |存货|查询| |单据|处理,n|n|w|vn|w|vn|n|w|n|v|w|n|vn|w|n|v
零售商| |订货|作业| |订货|资料| |快速|下单| |配送|中心| |接单|作业| |订货|资料| |订单|进度,n|w|vn|n|w|vn|n|w|ad|v|w|vn|n|w|vn|n|w|vn|n|w|n|n
人工处理| |计算机|处理,vn|w|n|vn
订单|内容|确认| |订单|接收| |订单|资料|输出| |存货|查询| |订单|分配|存货,n|n|v|w|n|v|w|n|n|vn|w|n|vn|w|n|v|n
一般| |兑换券| |现销式| |间接| |合约式| |寄|库式,a|w|n|w|a|w|a|w|a|w|v|n
信赖感| |订货|周期| |紧急|订货| | |缺货|现象| |小|客户| |装配| |包装| |订单|处理,n|w|vn|n|w|ad|v|w|w|vn|n|w|a|n|w|vn|w|n|w|n|vn
订单|准备| |订单|传输| |订单|录入| |订单|履行| |订单|跟踪,n|v|w|n|vn|w|n|v|w|n|v|w|n|v
用户| |货物| |储存|保管处| |分类| |集中| |处理| |放置,n|w|n|w|vn|n|w|vn|w|a|w|vn|w|v
拣货|信息| |拣|货单,vn|n|w|v|n
正确| |迅速| |集合| |客户| |订购|货品,a|w|a|w|v|w|n|w|v|n
配送| |送货| |其他|物流|形式| |配送|中心| |作业|系统| |核心,v|w|vn|w|r|n|n|w|vn|n|w|vn|n|w|n
生成|拣货|资料| |行走|搬运| |拣取| |分类| |集中,v|vn|n|w|v|v|w|v|w|vn|w|v
正确| |迅速| |集合| |顾客| |订购|商品,a|w|a|w|v|w|n|w|v|n
拣货|作业| |拣取|货物| |包装|单位| |订货|单位| |过小|单位| |作业量| |误差| |最小|单位| |箱| |单品| |拣货|单位,vn|n|w|v|n|w|vn|n|w|vn|n|w|a|n|w|n|w|n|w|a|n|w|n|w|n|w|vn|n
订单|拣货| |分拣| |一个|订单| |分拣| |下一个|订单,n|v|w|vn|w|m|n|w|vn|w|r|n
单件| |托盘| |箱| |特殊|物品,n|w|n|w|n|w|a|n
分拣|人员| |分拣|工具| |储存|点| |订单| |商品| |数量| |仓库|储位| |其它|作业|区| |集中| |传统|拣货|方式| |摘果式| |人|到货|前式| |订单|别|拣选| |单一|顺序|拣选,vn|n|w|vn|n|w|vn|n|w|n|w|n|w|n|w|n|vn|w|r|vn|n|w|v|w|a|vn|n|w|a|w|n|v|a|w|n|d|v|w|a|n|v
配货| |准确度|高| |分拣|没|约束| |直接|装车|配送| |客户|数量| |不受|限制| |机械化| |自动化| |设备|水平| |限制,v|w|n|a|w|vn|v|v|w|ad|v|v|w|n|n|w|v|vn|w|vn|w|vn|w|n|n|w|vn
商品|品种| |拣货| |行走|路线| |拣取|效率|低| |拣取|区域|大| |搬运|系统| |设计|困难| |少量| |多批次|拣取| |拣货|路径| |重复费|高| |效率|降低,n|n|w|vn|w|v|n|w|v|n|a|w|v|n|a|w|vn|n|w|vn|n|w|m|w|m|v|w|vn|n|w|n|a|w|n|v
多|张|订单| |集合| |一批次| |商品| |品种|类别| |数量|加|总| |分拣| |客户|订单| |分类|处理| |拣货|作业|方式| |播种式,a|q|n|w|v|w|m|w|n|w|n|n|w|n|v|a|w|vn|w|n|n|w|vn|vn|w|vn|vn|n|w|n
按单|分拣| |批量|分拣| |组合|运用| |订单|品项| |数量| |出库|频率| |按单|分拣| |批量|分拣,d|v|w|n|vn|w|vd|v|w|n|n|w|n|w|vn|n|w|d|v|w|n|vn
每个|订单| |一种|品项| |配送|效率| |订单|整合| |拣|货单| |一次|分拣| |集中|捆|包| |出库| |按单|分拣| |变形|方式,r|n|w|m|n|w|vn|n|w|n|vn|w|v|n|w|m|vn|w|ad|v|n|w|v|w|d|v|w|vn|n
作业|方法| |简单| |订单|处理| |前置|时间|短| |导入|容易| |作业|弹性|大| |作业员| |责任|明确| |作业| |容易|组织| |分类|作业,vn|n|w|a|w|n|vn|w|vn|n|a|w|v|a|w|vn|n|a|w|n|w|n|a|w|n|w|ad|v|w|vn|vn
合计|后|拣货| |效率|较高| |盘|亏|较少,v|f|v|w|n|a|w|n|v|a
人| |储存|区| |货物,n|w|vn|n|w|n
货物| |静态| |储存|方式| |货物| |小型| |出货量|较少,n|w|n|w|vn|n|w|n|w|a|w|n|a
货物| |移动| |人|或|拣选机| |人|或|拣选机| |拣选| |货物,n|w|v|w|n|c|n|w|n|c|n|w|v|w|n
自动|机械| |电子|信息| |分拣|作业| |合流| |分拣|识别| |分拣|分流| |分运,a|n|w|n|n|w|vn|n|w|n|w|vn|vn|w|vn|vn|w|vn
计算机| |辅助| |无纸化| |拣货|系统| |计算机| |拣选|指令| |操作者| |显示屏| |导引| |操作者| |规定|作业,n|w|vn|w|vn|w|vn|n|w|n|w|v|n|w|n|w|n|w|v|w|n|w|v|n
货位| |数字显示器| |计算机| |订单|信息| |数字显示器| |拣货|人员| |数字|拣货| |拣货|工作| |电子|标签|拣货,n|w|nz|w|n|w|n|n|w|nz|w|vn|n|w|n|vn|w|vn|n|w|n|n|vn
品种| |库位|指示| |出库|数量|显示| |操作|完成| |信息|确认,n|w|n|n|w|vn|n|v|w|vn|v|w|n|v
传统| |智慧型,n|w|a
分拣|作业|效率| |因素| |不同| |订单|需求| |不同| |分拣|策略,vn|vn|n|w|n|w|a|w|n|n|w|a|w|vn|n
分区| |订单|分割| |订单|分批| |分类,n|w|n|v|w|n|v|w|vn
总|合计量分批| |固定|订单|分批| |时窗分批| |智能型|分批,a|vn|w|v|n|v|w|nz|w|a|n
优点| |一次|拣|出| |商品|总量| |平均|拣取|路径| |最短| |储存|单位| |单纯化| |缺点| |分类|系统| |分类|作业| |订单|数,n|w|m|v|v|w|n|n|w|ad|v|n|w|a|w|vn|n|w|vn|w|n|w|vn|n|w|vn|n|w|n|n
优点| |拣货|效率| |自动化| |缺点| |订单| |商品|总量| |变化| |分类|作业| |不|经济,n|w|vn|n|w|vn|w|n|w|n|w|n|n|w|vn|w|vn|n|w|d|n
优点| |订单|类似性| |拣货|路径| |顺序| |拣货|效率| |提高| |缺点| |软件|技术|层次| |较高| |信息处理| |前置|时间长| |紧急|插单|处理|作业| |困难,n|w|n|n|w|vn|n|w|n|w|vn|n|w|v|w|n|w|n|n|n|w|a|w|vn|w|vn|n|w|a|n|vn|n|w|n
保管|区域| |货品| |移|到| |订单|拣取| |动|管|拣货|区域| |迁移|作业| |书面|处理,v|n|w|n|w|v|v|w|n|v|w|v|v|vn|n|w|v|n|w|a|vn
保证| |拣货|区| |随时| |有|货|可|拣| |及时| |满足| |客户|订货| |需要| |提高| |拣货|效率,v|w|vn|n|w|d|w|v|n|v|v|w|a|w|v|w|n|v|w|n|w|v|w|vn|n
货物| |储存| |区域,n|w|vn|w|n
拣货|作业| |拣货|区域| |短|时期| |拣取|出货| |货品| |储位| |流动|频率| |很高,vn|n|w|vn|n|w|a|n|w|v|vn|w|n|w|vn|w|vn|n|w|a
整箱|补货| |整|托|补货| |货架|之间| |补货,n|v|w|ad|v|v|w|n|f|w|v
确保| |有|货|可配| |待|配|商品| |放置| |存取| |方便| |位置,v|w|v|n|v|w|v|vn|n|w|v|w|v|w|a|w|n
库存|商品| |数量| |有效|控制| |查清| |商品| |库房| |质量|状况| |定期| |储存|场所| |清点|作业,n|n|w|n|w|ad|v|w|v|w|n|w|n|w|n|n|w|a|w|vn|n|w|n|n
仓库| |不明|物品| |标示| |数量| |生产|计划| |库存|积压| |短缺| |现象| |库房|现场| |物料| |盘点|异常| |漏盘| |多盘| |盘点|环节,n|w|v|n|w|v|w|n|w|vn|n|w|n|vn|w|v|w|n|w|n|s|w|n|w|v|an|w|n|w|m|w|vn|n
实际|库存|数量| |企业|资产| |损益| |盘点|周期| |亏盈|状况| |加强|管理| |存货|水平| |呆滞|物料| |周转|状况| |清除| |理|整|环境| |清除|死角| |整顿|仓库| |物料|存放,a|vn|n|w|n|n|w|n|w|vn|n|w|vn|n|w|v|vn|w|n|n|w|a|n|w|vn|n|w|v|w|v|a|n|w|v|n|w|v|n|w|n|v
帐物|区分| |帐面|存货|盘点| |实物|存货|盘点| |盘点|区域| |全面|盘点| |分类|盘点| |盘点|周期| |定期|盘点| |不定期|盘点,n|v|w|n|n|vn|w|n|n|vn|w|vn|n|w|ad|v|w|vn|vn|w|vn|n|w|d|v|w|vd|v
永续|盘点|法| |存货帐卡| |出|入库|数量| |汇总| |账面库存结余数| |电脑|或|账册| |出|入库|信息| |库存|结余|量,vn|vn|n|w|nz|w|v|vn|n|w|vn|w|nz|w|n|c|n|w|v|vn|n|w|n|n|n
现货|盘点| |仓库|实地| |清点|调查| |物资| |库存|数| |货品|单价| |计算| |实际|库存|金额| |方法,n|v|w|n|n|w|v|vn|w|n|w|n|n|w|n|n|w|vn|w|a|vn|n|w|n
存货|管理| |重要性| |分类| |设定| |盘点|期间| |每天| |每周| |少量少种| |盘点| |月末| |期末| |完成| |一次| |周而复始,n|vn|w|n|w|vn|w|vn|w|vn|f|w|TIME|w|TIME|w|m|w|vn|w|TIME|w|t|w|v|w|m|w|v
真实| |准确| |完整| |清楚,a|w|a|w|a|w|a
决策|准备| |人员|准备| |环境|整理| | |盘点|工具|准备| |盘点|前|指导,n|v|w|n|v|w|n|v|w|w|vn|n|v|w|v|f|v
拣取| |分类|完成| |货品| |配货|检查| |装入| |容器| |标示| |发货|准备|区| |装车| |发送,v|w|vn|v|w|n|w|vn|vn|w|v|w|n|w|v|w|vn|vn|n|w|vn|w|v
拣货|作业|完成| |货品| |不同|的|顾客| |配送|路线| |分类| |流通|加工| |集中| |分类| |加工|处理| |送货|要求| |分类|出货| |过程,vn|n|v|w|n|w|a|u|n|w|vn|n|w|vn|w|vn|vn|w|a|w|vn|w|vn|vn|w|vn|n|w|vn|vn|w|n
集中| |客户| |配送|货物| |搭配|装载| |运能| |运力| |工作,v|w|n|w|vn|n|w|v|v|w|n|w|n|w|n
配送|中心| |传统|仓储|作业| |配货|业务| |灵活性| |竞争力| |仓库|利用率| |车辆|配载率| |空置| |闲置,vn|n|w|a|vn|n|w|vn|n|w|n|w|n|w|n|n|w|n|n|w|v|w|v
保证| |分|货| |准确| |快速| |识别| |货物| |流向,v|w|v|n|w|a|w|a|w|v|w|n|w|v
分|货|作业| |人| |订单| |拣|货单| |货架| |集货|设备| |货箱| |托盘| |电脑| |自动化| |辅助|设备,v|n|n|w|n|w|n|w|v|n|w|n|w|vn|n|w|n|w|n|w|n|w|vn|w|vn|n
自动|分类机| |分辨|系统| |分|货,a|n|w|v|n|w|v|n
旋转|货架| |分|货,v|n|w|v|n
人工检查法| |条码检查法| |声音|输入|检查|法| |重量|计算|检查|法,nz|w|nz|w|n|vn|vn|n|w|n|vn|vn|n
运输|包装| |保护|货物| |零散|包装|物品| |整箱|集中|装卸| |成|组化|搬运| |搬运|次数| |货损| |配送|效率,vn|n|w|v|n|w|a|vn|n|w|n|ad|v|w|v|v|v|w|vn|n|w|n|w|vn|n
配送|中心| |存货|客户| |指令| |目的地| |发货|数量| |线路| |待|发货| |物品| |配|车| |装车| |活动,vn|n|w|n|n|w|n|w|n|w|vn|n|w|n|w|v|vn|w|n|w|v|n|w|vn|w|n
货品| |出货|检查| |容器| |标志| |车辆|趟|次| |厂商| |指示| |出货|准备|区| |装车|配送,n|w|vn|vn|w|n|w|n|w|n|q|q|w|n|w|vn|w|vn|vn|n|w|vn|vn
末端|运输| |支线|运输,n|vn|w|n|vn
短距离| |小批量| |高频率,n|w|n|w|n
运输工具| |运输|路线| |设备| |送达| |客户| |物流|活动,n|w|vn|n|w|n|w|v|w|n|w|n|n
满足| |客户|配送| |需要| |减少| |配送|车辆| |减少|配送|车辆|使用,v|w|n|v|w|n|w|v|w|vn|n|w|v|vn|n|v
集中|存储| |合理|库存| |物流|费用| |迂回|运输| |相向|运输| |不|合理|现象| |服务|质量| |扩大|销售,ad|v|w|a|n|w|n|n|w|vd|v|w|v|vn|w|d|a|n|w|vn|n|w|v|vn
动态|原则| |低|运费|原则| |服务|和|竞争|原则| |交通|便利|原则| |统筹|原则,n|n|w|a|n|n|w|vn|c|vn|n|w|n|a|n|w|v|n
设立|时机| |类型| |所有者| |地址| |规模| |设施|设备| |选择| |组织结构| |岗位|设置,v|n|w|n|w|n|w|n|w|n|w|n|n|w|vn|w|n|w|n|vn
功能|流程|设计| |平面|及|设施|布置| |信息系统|规划| |作业|流程|设计| |组织结构| |人员|配置| |进度|计划| |建设|成本,n|n|vn|w|n|c|n|vn|w|n|n|w|vn|n|vn|w|n|w|n|v|w|n|n|w|vn|n
评估| |设计| |实施| |阶段,vn|w|vn|w|vn|w|n
供应|点| |需求|点| |经济|区域| |地址| |配送|中心| |规划|过程,vn|n|w|n|n|w|n|n|w|n|w|vn|n|w|vn|n
战略性原则| |适应性|原则| |因地制宜|原则| |协调性|原则| |经济性|原则,nz|w|n|n|w|vn|n|w|n|n|w|n|n
交通|干线| |地价| |交通| |人力资源| |地理| |气候| |自然|条件,n|n|w|n|w|n|w|n|w|n|w|n|w|n|n
经济|环境|因素| |自然环境|因素| |政策|环境|因素,n|n|n|w|n|n|w|n|n|n
配送|中心| |网络|结构|图,vn|n|w|n|n|n
重心| |位置| |方法| |单|中心|选址,n|w|n|w|n|w|a|n|v
需求量| |物流|节点| |建设|费用| |运营|费用| |运输|距离| |运输|线路,n|w|n|n|w|vn|n|w|vn|n|w|vn|n|w|vn|n
数据| |单一|设施|选址| |方法,n|w|a|n|vn|w|n
可变成本| |选址| |物流|配送|中心| |网点| |资本|成本| |运费| |距离| |线性|变化| |路线| |地址,nz|w|vn|w|n|vn|n|w|n|w|n|n|w|n|w|n|w|n|vn|w|n|w|n
基础|规划|资料| |规划|条件| |作业|功能| |作业|流程| |作业|区域| |布局|规划,n|vn|n|w|vn|n|w|vn|n|w|vn|n|w|n|n|w|n|n
作业|区域| |物流|作业|区域| |辅助|作业|区域| |事务|活动|区域,n|n|w|n|vn|n|w|vn|vn|n|w|n|n|n
退货| |卸货| |点|收| |责任|确认| |良品|处理| |瑕疵|品|处理| |废品|处理,vn|w|v|w|v|v|w|n|v|w|n|vn|w|n|n|v|w|n|vn
物料|搬运| |短|捷| |方便| |交叉| |建筑|模式| |高度| |跨度| |柱距| |空间| |划分| |协调|配置| |储存|区域| |作业|场所| |工作|人员| |安全| |工作|环境,n|v|w|a|a|w|a|w|vn|w|n|n|w|n|w|n|w|n|w|n|w|vn|w|v|vn|w|vn|n|w|vn|n|w|vn|n|w|an|w|vn|n
传递| |物流量| |频繁|程度| |人员|接触| |文件|传递| |物流|相关| |活动|相关| |非|物流|相关,v|w|n|w|a|n|w|n|v|w|n|vn|w|n|v|w|n|v|w|v|n|v
活动|关系| |分析| |区域|位置| |流程|动线| |实体|限制| |修正,n|n|w|v|w|n|n|w|n|n|w|n|vn|w|v
物流量| |相关|程度| |五| |等级| |A| |E| |I| |O| |U,n|w|vn|n|w|m|w|n|w|xc|w|xc|w|xc|w|xc|w|xc
程序性| |组织|管理| |功能| |环境| |相关,n|w|vn|vn|w|n|w|n|w|vn
绩效|考核|系统| |考核| |评估| |环节| |管理,n|vn|n|w|vn|w|vn|w|n|w|vn
业绩| |效绩| |成效| |反映| |活动| |成绩| |成果,n|w|n|w|n|w|v|w|n|w|n|w|n
绩效|计划| |实施| |评价| |绩效|评估| |目标|提升,n|n|w|v|w|vn|w|n|vn|w|n|vn
改善| |绩效| |企业| |战略|目标| |企业管理| |企业文化| |战略| |计划| |组织| |人力资源| |领导| |激励| |统计| |控制,v|w|n|w|n|w|n|n|w|vn|w|n|w|n|w|n|w|n|w|n|w|n|w|vn|w|vn|w|v
绩效|考核| |技术|方法| |指标|体系| |评价|标准| |定量| |定性|对比| |分析| |效益| |客观| |标准| |预测| |管理|控制系统,n|vn|w|n|n|w|n|n|w|vn|n|w|vn|w|vn|vn|w|vn|w|n|w|a|w|n|w|vn|w|vn|n
目标| |运行|结果| |衡量,n|w|vn|n|w|v
配送|中心| |客户|订单| |组织|配送| |劳动|消耗| |劳动|占用| |物流|价值| |对比| |配送|资源,vn|n|w|n|n|w|v|vn|w|vn|vn|w|vn|vn|w|n|n|w|vn|w|vn|n
物流|价值| |事前|计划| |控制| |事后|分析| |评估| |衡量| |配送|系统| |配送|活动| |投入|与|产出| |技术| |方法,n|n|w|t|n|w|vn|w|t|v|w|vn|w|v|w|vn|n|w|vn|n|w|vn|c|vn|w|n|w|n
关键|业绩|指标|法| |KPI| |平衡计分法| |BSC,a|n|n|n|w|nz|w|nz|w|nz
改进| |配送| |程序| |方式| |配送|中心| |空间| |人员| |设施| |物品| |订单| |时间| |成本| |品质| |作业|规划| |措施| |评价| |工作|绩效| |激励|员工| |配送|运作|效率| |服务|水平| |配送|成本| |绩效|评估|报告,v|w|vn|w|n|w|n|w|vn|n|w|n|w|n|w|n|w|n|w|n|w|n|w|n|w|n|w|vn|n|w|n|w|vn|w|n|n|w|v|n|w|vn|vn|n|w|vn|n|w|vn|n|w|n|vn|n
追踪| |目标| |完成|情况| |分析|与|评价| |事前|控制| |可行性| |完成|程度| |配送|目标| |绩效| |监控| |工具| |方法| |资源|素质|与|能力| |企业|发展|战略,v|w|n|w|vn|n|w|vn|c|vn|w|t|v|w|n|w|v|n|w|vn|n|w|n|w|vn|w|n|w|n|w|n|n|c|n|w|n|vn|n
组织|内部|流程| |输入端| |输出端| |设置| |取样| |计算| |分析| |衡量| |流程|绩效| |战略|目标| |工作|目标| |企业|绩效|管理,v|f|n|w|n|w|n|w|v|w|vn|w|vn|w|v|w|v|w|n|n|w|n|n|w|n|n|w|n|n|vn
建立| |明确| |切实|可行| |KPI| |体系,v|w|a|w|ad|v|w|nz|w|n
指标| |反映| |组织| |业绩| |负责人| |努力|程度| |因素| |问题|点| |分析| |改进| |方向,n|w|v|w|n|w|n|w|n|w|a|n|w|n|w|n|n|w|v|w|vn|w|n
人员| |设备| |硬件| |仓储|区| |拣货|区| |收|货|区| |出货|区| |区域|空间| |消防|设施,n|w|n|w|n|w|vn|n|w|vn|n|w|v|n|n|w|vn|n|w|n|n|w|vn|n
空间|利用度| |提高| |单位|土地|面积| |使用|效率,n|n|w|v|w|n|n|n|w|vn|n
货架| |仓储|区| |储存|量| |理|货|场地| |配货| |周转|次数,n|w|vn|n|w|vn|n|w|v|n|n|w|vn|w|vn|n
编制| | |员工| |待遇| |人员| |效率,n|w|w|n|w|n|w|n|w|n
保管| |搬运| |存储| |装卸| |配送| |物流|作业| |活动,v|w|v|w|vn|w|vn|w|vn|w|n|n|w|n
方法| |拟定| |决策|目标| |行动| |目的| |合理| |作业|方式| |正确| |行动|方向,n|w|v|w|vn|n|w|vn|w|n|w|a|w|vn|n|w|a|w|vn|n
时间| |因素| |整体|作业|能力,n|w|n|w|n|vn|n
单位|时间| |收入| |产出|量| |作业|单元|数| |作业|时间|比,n|n|w|n|w|vn|n|w|n|n|n|w|vn|n|v
收|货| |储存|保管| |拣货|配货| |流通|加工| |信息|处理| |配送|作业| |费用| |总和,v|n|w|vn|vn|w|vn|vn|w|vn|vn|w|n|vn|w|vn|n|w|n|w|n
商品| |质量| |质量|指标| |耗损| |缺货| |呆滞品| |维修| |退货| |延迟|交货| |事故| |误差率,n|w|n|w|n|n|w|v|w|v|w|n|w|vn|w|vn|w|v|vn|w|n|w|nz
接收|商品| |装卸|搬运| |码盘| |核对| |商品|数量| |质量| |签单| |书面化,v|n|w|v|v|w|nz|w|vn|w|n|n|w|n|w|vn|w|vn
空间|利用率,n|n
人员|负担| |时间|耗用,n|n|w|n|v
存货| |物品| |保管| |仓库| |空间| |库存|控制| |资金|占用| |保管|成本| |减少| |积压| |过期| |变质| |物品| |物流|活动,n|w|n|w|v|w|n|w|n|w|n|v|w|n|vn|w|vn|n|w|v|w|vn|w|vn|w|v|w|n|w|n|n
衡量| |配送|中心| |存货| |库存|管理|费用,v|w|vn|n|w|n|w|n|vn|n
配送|中心| |货品| |损耗| |资金| |积压| |状况,vn|n|w|n|w|vn|w|n|w|vn|w|n
验收| |把关| |不合格| |货品| |储存| |方法| |设备| |养护|条件| |变质| |有效期| |库存|水平| |滞销品| |积压| |资金| |占用| |库存,vn|w|v|w|a|w|n|w|vn|w|n|w|n|w|vn|n|w|v|w|n|w|vn|n|w|n|w|vn|w|n|w|vn|w|n
实际| |存量| |账面| |品项| |误差| |次数,n|w|n|w|n|w|n|w|n|w|n
专用| |运输|设备| |物品| |地点| |运送| |集货| |分配| |搬运| |中转| |装卸,vn|w|vn|n|w|n|w|n|w|vn|w|vn|w|vn|w|v|w|vn|w|v
运输|主体| |人| |货物| |运输工具| |移动| |经济|目的| |行为,vn|n|w|n|w|n|w|n|w|v|w|n|n|w|n
物流| |功能|要素| |社会|物质|生产| |必要条件| |场所|效用| |第三利润源,n|w|n|n|w|n|n|vn|w|n|w|n|n|w|nz
国民经济| |基础| |马克思| |第四个| |物质|生产|部门,n|w|n|w|PER|w|m|w|n|vn|n
公路|运输| |铁路运输| |水路|运输| |航空运输,n|vn|w|vn|w|n|vn|w|vn
空间|场所| |使用|价值| |效益| |场所| |投入|产出|比,n|n|w|vn|n|w|n|w|n|w|v|vn|n
干线运输| |支线|运输| |二次|运输| |厂内|运输,nz|w|n|vn|w|m|vn|w|s|v
集货运输| |配送|运输,vn|w|v|vn
直达|运输| |中转运输,v|vn|w|nz
运输|线路| |运输|节点| |运输工具| |运输|的|参与者,vn|n|w|vn|n|w|n|w|vn|u|n
